{
  "benchmark_time_seconds": 4.433799602091312,
  "load_summary": {
    "count": 10,
    "schedule_delay": {
      "mean": 0.0017086146399378777,
      "min": 0.0006642905063927174,
      "max": 0.003346487879753113,
      "p0.1": 0.0006663452461361885,
      "p1": 0.0006848379038274288,
      "p5": 0.0007670274935662746,
      "p10": 0.0008697644807398319,
      "p25": 0.0009260805090889335,
      "median": 0.0010506315156817436,
      "p75": 0.0027280858485028148,
      "p90": 0.002996179647743702,
      "p95": 0.003171333763748407,
      "p99": 0.0033114570565521717,
      "p99.9": 0.003342984797433019
    },
    "send_duration": 4.290790499188006,
    "requested_rate": 1.0,
    "achieved_rate": 2.3305728867192212
  },
  "successes": {
    "count": 10,
    "latency": {
      "request_latency": {
        "mean": 0.2480135745368898,
        "min": 0.14296655729413033,
        "max": 0.7404836202040315,
        "p0.1": 0.14296694020461292,
        "p1": 0.14297038639895618,
        "p5": 0.1429857028182596,
        "p10": 0.14300484834238886,
        "p25": 0.14357781445141882,
        "median": 0.1459724740125239,
        "p75": 0.2406384291825816,
        "p90": 0.43051845962181673,
        "p95": 0.5855010399129238,
        "p99": 0.7094871041458101,
        "p99.9": 0.7373839685982098
      },
      "normalized_time_per_output_token": {
        "mean": 0.018629506056434934,
        "min": 0.008938068931456655,
        "max": 0.061706968350335956,
        "p0.1": 0.008949533383619772,
        "p1": 0.009052713453087823,
        "p5": 0.009511291539612492,
        "p10": 0.010084514147768328,
        "p25": 0.010255558175101345,
        "median": 0.011228651847117223,
        "p75": 0.017188459227327257,
        "p90": 0.03163284666370599,
        "p95": 0.04666990750702094,
        "p99": 0.05869955618167297,
        "p99.9": 0.0614062271334697
      },
      "time_per_output_token": {
        "mean": 0.008017238994815011,
        "min": 0.006039402602861325,
        "max": 0.014609520717595633,
        "p0.1": 0.006047628031912236,
        "p1": 0.0061216568933704345,
        "p5": 0.006450674055406872,
        "p10": 0.006861945507952418,
        "p25": 0.006985220010392368,
        "median": 0.007173560452289306,
        "p75": 0.008003754968134064,
        "p90": 0.008898922150394506,
        "p95": 0.011754221433995064,
        "p99": 0.014038460860875521,
        "p99.9": 0.01455241473192363
      },
      "time_to_first_token": {
        "mean": 0.14367156880907714,
        "min": 0.04688370507210493,
        "max": 0.6434622439555824,
        "p0.1": 0.046906754572410135,
        "p1": 0.04711420007515699,
        "p5": 0.04803618008736521,
        "p10": 0.04918865510262549,
        "p25": 0.0506062819622457,
        "median": 0.05093957530334592,
        "p75": 0.11944118468090892,
        "p90": 0.33472818713635194,
        "p95": 0.48909521554596685,
        "p99": 0.6125888382736594,
        "p99.9": 0.6403749033873906
      },
      "inter_token_latency": {
        "mean": 0.00786004768541226,
        "min": 0.00016756588593125343,
        "max": 0.10498848976567388,
        "p0.1": 0.0005217945938929915,
        "p1": 0.0032464930415153502,
        "p5": 0.0057718744967132805,
        "p10": 0.006107190670445561,
        "p25": 0.006364568020217121,
        "median": 0.006566882599145174,
        "p75": 0.006879927474074066,
        "p90": 0.010512125957757251,
        "p95": 0.013092538085766136,
        "p99": 0.014608063609339294,
        "p99.9": 0.09334844243759374
      }
    },
    "throughput": {
      "input_tokens_per_sec": 73.52610159607438,
      "output_tokens_per_sec": 31.124546074411853,
      "total_tokens_per_sec": 104.65064767048624,
      "requests_per_sec": 2.2554018894501344,
      "images_per_sec": 0.0,
      "videos_per_sec": 0.0,
      "audios_per_sec": 2.2554018894501344
    },
    "request_size_bytes": {
      "mean": 41516.3,
      "min": 41464.0,
      "max": 41546.0,
      "p0.1": 41464.252,
      "p1": 41466.52,
      "p5": 41476.6,
      "p10": 41489.2,
      "p25": 41506.0,
      "median": 41515.0,
      "p75": 41538.25,
      "p90": 41544.2,
      "p95": 41545.1,
      "p99": 41545.82,
      "p99.9": 41545.982
    },
    "prompt_len": {
      "mean": 32.6,
      "min": 32.0,
      "max": 34.0,
      "p0.1": 32.0,
      "p1": 32.0,
      "p5": 32.0,
      "p10": 32.0,
      "p25": 32.0,
      "median": 32.0,
      "p75": 33.0,
      "p90": 34.0,
      "p95": 34.0,
      "p99": 34.0,
      "p99.9": 34.0
    },
    "image": {
      "count": {
        "mean": 0.0,
        "min": 0.0,
        "max": 0.0,
        "p0.1": 0.0,
        "p1": 0.0,
        "p5": 0.0,
        "p10": 0.0,
        "p25": 0.0,
        "median": 0.0,
        "p75": 0.0,
        "p90": 0.0,
        "p95": 0.0,
        "p99": 0.0,
        "p99.9": 0.0
      },
      "pixels": null,
      "bytes": null,
      "aspect_ratio": null
    },
    "video": {
      "count": {
        "mean": 0.0,
        "min": 0.0,
        "max": 0.0,
        "p0.1": 0.0,
        "p1": 0.0,
        "p5": 0.0,
        "p10": 0.0,
        "p25": 0.0,
        "median": 0.0,
        "p75": 0.0,
        "p90": 0.0,
        "p95": 0.0,
        "p99": 0.0,
        "p99.9": 0.0
      },
      "frames": null,
      "pixels": null,
      "bytes": null,
      "aspect_ratio": null
    },
    "audio": {
      "count": {
        "mean": 1.0,
        "min": 1.0,
        "max": 1.0,
        "p0.1": 1.0,
        "p1": 1.0,
        "p5": 1.0,
        "p10": 1.0,
        "p25": 1.0,
        "median": 1.0,
        "p75": 1.0,
        "p90": 1.0,
        "p95": 1.0,
        "p99": 1.0,
        "p99.9": 1.0
      },
      "seconds": {
        "mean": 5.0,
        "min": 5.0,
        "max": 5.0,
        "p0.1": 5.0,
        "p1": 5.0,
        "p5": 5.0,
        "p10": 5.0,
        "p25": 5.0,
        "median": 5.0,
        "p75": 5.0,
        "p90": 5.0,
        "p95": 5.0,
        "p99": 5.0,
        "p99.9": 5.0
      },
      "bytes": {
        "mean": 30680.0,
        "min": 30680.0,
        "max": 30680.0,
        "p0.1": 30680.0,
        "p1": 30680.0,
        "p5": 30680.0,
        "p10": 30680.0,
        "p25": 30680.0,
        "median": 30680.0,
        "p75": 30680.0,
        "p90": 30680.0,
        "p95": 30680.0,
        "p99": 30680.0,
        "p99.9": 30680.0
      }
    },
    "output_len": {
      "mean": 13.8,
      "min": 12.0,
      "max": 16.0,
      "p0.1": 12.009,
      "p1": 12.09,
      "p5": 12.45,
      "p10": 12.9,
      "p25": 13.25,
      "median": 14.0,
      "p75": 14.0,
      "p90": 14.2,
      "p95": 15.099999999999998,
      "p99": 15.82,
      "p99.9": 15.982000000000003
    },
    "token_count_mismatches": 0
  },
  "failures": {
    "count": 0,
    "request_latency": null,
    "prompt_len": null
  }
