{
  "benchmark_time_seconds": 9.582841190043837,
  "load_summary": {
    "count": 10,
    "schedule_delay": {
      "mean": 0.0022668066434562207,
      "min": 0.00035854196175932884,
      "max": 0.003580343909561634,
      "p0.1": 0.00036529326625168323,
      "p1": 0.0004260550066828728,
      "p5": 0.0006961071863770485,
      "p10": 0.0010336724109947682,
      "p25": 0.0019514503655955195,
      "median": 0.002446394180878997,
      "p75": 0.0026204732712358236,
      "p90": 0.0033692347817122935,
      "p95": 0.0034747893456369638,
      "p99": 0.0035592329967767,
      "p99.9": 0.003578232818283141
    }
  },
  "successes": {
    "count": 10,
    "latency": {
      "request_latency": {
        "mean": 1.8130191814154386,
        "min": 0.9690019721165299,
        "max": 3.0620636912062764,
        "p0.1": 0.9698568473327905,
        "p1": 0.9775507242791355,
        "p5": 1.0117457329295576,
        "p10": 1.0544894937425853,
        "p25": 1.3335681350436062,
        "median": 1.5539967769291252,
        "p75": 2.1801441801944748,
        "p90": 2.9952786690555513,
        "p95": 3.028671180130914,
        "p99": 3.055385188991204,
        "p99.9": 3.0613958409847695
      },
      "normalized_time_per_output_token": {
        "mean": 0.02504819581147839,
        "min": 0.012371954735541759,
        "max": 0.03618658466941931,
        "p0.1": 0.012372415062781483,
        "p1": 0.012376558007938996,
        "p5": 0.012394971097527949,
        "p10": 0.012417987459514137,
        "p25": 0.019185081893801734,
        "median": 0.0251943083947324,
        "p75": 0.03327355278776226,
        "p90": 0.03618469667965082,
        "p95": 0.036185640674535065,
        "p99": 0.036186395870442464,
        "p99.9": 0.036186565789521626
      },
      "time_per_output_token": {
        "mean": 0.009634299174610233,
        "min": 0.0073755420799202775,
        "max": 0.014883314635054294,
        "p0.1": 0.007376168022341752,
        "p1": 0.007381801504135022,
        "p5": 0.007406839200993999,
        "p10": 0.007438136322067722,
        "p25": 0.00809288883805517,
        "median": 0.008640518913108358,
        "p75": 0.010578179574392811,
        "p90": 0.012772591121761235,
        "p95": 0.013827952878407762,
        "p99": 0.014672242283724988,
        "p99.9": 0.014862207399921367
      },
      "time_to_first_token": {
        "mean": 1.0714552749879658,
        "min": 0.3090457948856056,
        "max": 2.0080422782339156,
        "p0.1": 0.31016498286975547,
        "p1": 0.3202376747271046,
        "p5": 0.3650051940931007,
        "p10": 0.4209645933005959,
        "p25": 0.5912328624399379,
        "median": 0.9689307874068618,
        "p75": 1.616869272547774,
        "p90": 1.770360325044021,
        "p95": 1.889201301638968,
        "p99": 1.9842740829149261,
        "p99.9": 2.005665458702017
      },
      "inter_token_latency": {
        "mean": 0.009700562039466754,
        "min": 5.035474896430969e-05,
        "max": 0.30037227971479297,
        "p0.1": 5.0635488238185645e-05,
        "p1": 0.004976044916547835,
        "p5": 0.007145074242725968,
        "p10": 0.007254722854122519,
        "p25": 0.00742369529325515,
        "median": 0.008054656442254782,
        "p75": 0.008745802217163146,
        "p90": 0.009039958007633686,
        "p95": 0.009230371122248471,
        "p99": 0.03609890942461794,
        "p99.9": 0.2998446589345113
      }
    },
    "throughput": {
      "input_tokens_per_sec": 836.2864249828333,
      "output_tokens_per_sec": 76.90829738112654,
      "total_tokens_per_sec": 913.1947223639598,
      "requests_per_sec": 1.0435318504901838,
      "images_per_sec": 31.201602329656495,
      "videos_per_sec": 0.0,
      "audios_per_sec": 0.0
    },
    "request_size_bytes": {
      "mean": 191787.9,
      "min": 76035.0,
      "max": 345392.0,
      "p0.1": 76358.829,
      "p1": 79273.29,
      "p5": 92226.45,
      "p10": 108417.9,
      "p25": 120504.75,
      "median": 146379.0,
      "p75": 252278.75,
      "p90": 339153.2,
      "p95": 342272.6,
      "p99": 344768.12,
      "p99.9": 345329.612
    },
    "prompt_len": {
      "mean": 801.4,
      "min": 221.0,
      "max": 1024.0,
      "p0.1": 224.645,
      "p1": 257.45,
      "p5": 403.25,
      "p10": 585.5,
      "p25": 714.0,
      "median": 863.5,
      "p75": 982.75,
      "p90": 1005.1,
      "p95": 1014.55,
      "p99": 1022.11,
      "p99.9": 1023.811
    },
    "image": {
      "count": {
        "mean": 29.9,
        "min": 11.0,
        "max": 55.0,
        "p0.1": 11.063,
        "p1": 11.63,
        "p5": 14.15,
        "p10": 17.3,
        "p25": 18.75,
        "median": 22.0,
        "p75": 39.75,
        "p90": 53.2,
        "p95": 54.099999999999994,
        "p99": 54.82,
        "p99.9": 54.982
      },
      "pixels": {
        "mean": 230400.0,
        "min": 230400.0,
        "max": 230400.0,
        "p0.1": 230400.0,
        "p1": 230400.0,
        "p5": 230400.0,
        "p10": 230400.0,
        "p25": 230400.0,
        "median": 230400.0,
        "p75": 230400.0,
        "p90": 230400.0,
        "p95": 230400.0,
        "p99": 230400.0,
        "p99.9": 230400.0
      },
      "bytes": {
        "mean": 4570.468227424749,
        "min": 4210.0,
        "max": 5825.0,
        "p0.1": 4305.062,
        "p1": 4529.0,
        "p5": 4530.0,
        "p10": 4530.0,
        "p25": 4531.0,
        "median": 4531.0,
        "p75": 4531.0,
        "p90": 4532.0,
        "p95": 4532.0,
        "p99": 5824.0,
        "p99.9": 5824.702
      },
      "aspect_ratio": {
        "mean": 0.5625,
        "min": 0.5625,
        "max": 0.5625,
        "p0.1": 0.5625,
        "p1": 0.5625,
        "p5": 0.5625,
        "p10": 0.5625,
        "p25": 0.5625,
        "median": 0.5625,
        "p75": 0.5625,
        "p90": 0.5625,
        "p95": 0.5625,
        "p99": 0.5625,
        "p99.9": 0.5625
      }
    },
    "video": {
      "count": {
        "mean": 0.0,
        "min": 0.0,
        "max": 0.0,
        "p0.1": 0.0,
        "p1": 0.0,
        "p5": 0.0,
        "p10": 0.0,
        "p25": 0.0,
        "median": 0.0,
        "p75": 0.0,
        "p90": 0.0,
        "p95": 0.0,
        "p99": 0.0,
        "p99.9": 0.0
      },
      "frames": null,
      "pixels": null,
      "bytes": null,
      "aspect_ratio": null
    },
    "audio": {
      "count": {
        "mean": 0.0,
        "min": 0.0,
        "max": 0.0,
        "p0.1": 0.0,
        "p1": 0.0,
        "p5": 0.0,
        "p10": 0.0,
        "p25": 0.0,
        "median": 0.0,
        "p75": 0.0,
        "p90": 0.0,
        "p95": 0.0,
        "p99": 0.0,
        "p99.9": 0.0
      },
      "seconds": null,
      "bytes": null
    },
    "output_len": {
      "mean": 73.7,
      "min": 53.0,
      "max": 100.0,
      "p0.1": 53.018,
      "p1": 53.18,
      "p5": 53.9,
      "p10": 54.8,
      "p25": 63.75,
      "median": 72.5,
      "p75": 84.0,
      "p90": 90.1,
      "p95": 95.04999999999998,
      "p99": 99.01,
      "p99.9": 99.90100000000001
    },
    "token_count_mismatches": 0
  },
  "failures": {
    "count": 0,
    "request_latency": null,
    "prompt_len": null
  }
