{"load_summary": {"count": 14782, "schedule_delay": {"mean": 114.12756639682797, "min": -0.0009122475166805089, "p0.1": -0.00045776620681863277, "p1": 0.00024966548080556094, "p5": 7.402377900858118, "p10": 19.65847703832842, "p25": 53.60737969722686, "median": 115.1594468261319, "p75": 173.55635972975142, "p90": 211.16842140908702, "p95": 223.47701107640606, "p99": 231.97895312953798, "p99.9": 232.28077899721563, "max": 235.97682241129223}, "send_duration": 295.9662092369981, "requested_rate": 246.37, "achieved_rate": 49.94489079718947}, "successes": {"count": 14782, "latency": {"request_latency": {"mean": 8.853348948150183, "min": 4.757876496994868, "p0.1": 5.0144409613882015, "p1": 5.214642607159622, "p5": 6.170945212319202, "p10": 6.1963834013935415, "p25": 6.340355171763804, "median": 9.896385070009273, "p75": 9.930291477488936, "p90": 10.044341099320444, "p95": 10.351284295642108, "p99": 10.43287702714617, "p99.9": 10.529818798498457, "max": 10.538781743991422}, "normalized_time_per_output_token": {"mean": 0.09183474083706174, "min": 0.0, "p0.1": 0.0, "p1": 0.0403130096582413, "p5": 0.04788458841349054, "p10": 0.04811163544792469, "p25": 0.04953180985393191, "median": 0.07679708037931261, "p75": 0.07736749890645125, "p90": 0.07936848478626925, "p95": 0.08093790588286537, "p99": 0.7076786555911327, "p99.9": 4.943019008510463, "max": 5.174896836993867}, "time_per_output_token": null, "time_to_first_token": null, "inter_token_latency": null}, "throughput": {"input_tokens_per_sec": 6567.52992289368, "output_tokens_per_sec": 6186.020381306308, "total_tokens_per_sec": 12753.550304199987, "requests_per_sec": 49.15388206975043}, "prompt_len": {"mean": 133.61162224326884, "min": 129.0, "p0.1": 130.0, "p1": 130.0, "p5": 131.0, "p10": 131.0, "p25": 132.0, "median": 133.0, "p75": 135.0, "p90": 136.0, "p95": 138.0, "p99": 140.0, "p99.9": 142.0, "max": 151.0}, "output_len": {"mean": 125.85008794479772, "min": 0.0, "p0.1": 0.0, "p1": 9.0, "p5": 126.0, "p10": 128.0, "p25": 129.0, "median": 129.0, "p75": 129.0, "p90": 129.0, "p95": 129.0, "p99": 129.0, "p99.9": 130.0, "max": 133.0}}, "failures": {"count": 0, "request_latency": null, "prompt_len": null}}