{"load_summary": {}, "successes": {"count": 15028, "rate": 85.878046, "prompt_len": {"mean": 4792, "rate": 11528.563485}, "output_len": {"mean": 4612, "rate": 11028.845943}, "queue_len": {"mean": 151}, "request_latency": {"mean": 9.001701, "median": 8.271421, "p90": 12.894058, "p99": 14.789406}, "time_to_first_token": {"mean": 3.732069, "median": 3.203237, "p90": 4.640647, "p99": 4.964065}, "time_per_output_token": {"mean": 0.041709, "median": 0.042203, "p90": 0.072606, "p99": 0.097125}, "kv_cache_usage_percentage": {"mean": 0.188947, "median": 0.218112, "p90": 0.263524, "p99": 0.282083}, "num_requests_swapped": {"mean": 0}, "num_preemptions_total": {"mean": 0}, "prefix_cache_hit_percent": {"mean": 49.997516640692716}}, "failures": {}}