{"load_summary": {"count": 60, "schedule_delay": {"mean": 0.00040071235853247347, "min": -0.0008283319766633213, "p0.1": -0.0008238972961553372, "p1": -0.0007839851715834811, "p5": -0.0002621655468828976, "p10": -0.00018934985855594276, "p25": 5.336487083695829e-05, "median": 0.0003242123348172754, "p75": 0.0007377845031442121, "p90": 0.0011464748764410616, "p95": 0.0012986624555196614, "p99": 0.001494255505967884, "p99.9": 0.0016832636443432454, "max": 0.0017042645486071706}, "send_duration": 59.388846848974936, "requested_rate": 1.0, "achieved_rate": 1.0102907058050683}, "successes": {"count": 60, "latency": {"request_latency": {"mean": 1.8541203403670807, "min": 1.8119267610018142, "p0.1": 1.812543769313139, "p1": 1.8180968441150618, "p5": 1.82764993905148, "p10": 1.8348096611327491, "p25": 1.8414511584705906, "median": 1.8536560554930475, "p75": 1.8667189360130578, "p90": 1.875169748312328, "p95": 1.8844008700718404, "p99": 1.888313747551292, "p99.9": 1.8905264861548785, "max": 1.8907723459997214}, "normalized_time_per_output_token": {"mean": 0.014382453966403067, "min": 0.014045943883734993, "p0.1": 0.014050726893900302, "p1": 0.014093773985388075, "p5": 0.014167828984895194, "p10": 0.014224630514273367, "p25": 0.014274815181942563, "median": 0.014373640895301347, "p75": 0.014490128414820006, "p90": 0.014540839902677596, "p95": 0.0146125152509239, "p99": 0.014683600689743009, "p99.9": 0.014717857598815694, "max": 0.014721663922045991}, "time_per_output_token": {"mean": 0.007016317866974083, "min": 0.0068830821361004985, "p0.1": 0.006884382692622274, "p1": 0.0068960877013182565, "p5": 0.00692532896675742, "p10": 0.006930122224945604, "p25": 0.006963580080744238, "median": 0.007015199358017883, "p75": 0.007055256869517093, "p90": 0.007099850998887002, "p95": 0.007122457510853324, "p99": 0.007153894120257924, "p99.9": 0.007164132436509797, "max": 0.007165270027204449}, "time_to_first_token": {"mean": 0.04982412583679737, "min": 0.04118914797436446, "p0.1": 0.04121174367656931, "p1": 0.041415104996412995, "p5": 0.042353712051408365, "p10": 0.04365814512129873, "p25": 0.045281675760634243, "median": 0.049719376023858786, "p75": 0.05396875699807424, "p90": 0.05620549188461155, "p95": 0.05684541174268815, "p99": 0.06073032223968765, "p99.9": 0.06356024424650246, "max": 0.06387468002503738}, "inter_token_latency": {"mean": 0.007016317866974083, "min": 2.7539790607988834e-06, "p0.1": 2.9858344933018088e-06, "p1": 7.512940792366862e-06, "p5": 9.309919551014901e-06, "p10": 9.570032125338912e-06, "p25": 1.0357500286772847e-05, "median": 3.662100061774254e-05, "p75": 0.014085562506807037, "p90": 0.014208889188012108, "p95": 0.014291320246411488, "p99": 0.014631886935676448, "p99.9": 0.021018087503965947, "max": 0.021524832991417497}}, "throughput": {"input_tokens_per_sec": 133.3931220603702, "output_tokens_per_sec": 126.3526572540979, "total_tokens_per_sec": 259.7457793144681, "requests_per_sec": 0.9801111099218971}, "prompt_len": {"mean": 136.1, "min": 130.0, "p0.1": 130.059, "p1": 130.59, "p5": 132.0, "p10": 132.0, "p25": 134.0, "median": 136.0, "p75": 138.0, "p90": 140.0, "p95": 141.1, "p99": 144.41, "p99.9": 144.941, "max": 145.0}, "output_len": {"mean": 128.91666666666666, "min": 127.0, "p0.1": 127.059, "p1": 127.59, "p5": 128.0, "p10": 129.0, "p25": 129.0, "median": 129.0, "p75": 129.0, "p90": 129.0, "p95": 129.0, "p99": 129.41, "p99.9": 129.941, "max": 130.0}}, "failures": {"count": 0, "request_latency": null, "prompt_len": null}}