{"load_summary": {"count": 7421, "schedule_delay": {"mean": 42.860934345209344, "min": -0.001171136012999341, "p0.1": -0.0007274408458033577, "p1": -1.0672374628484198e-06, "p5": 0.001096730469726026, "p10": 4.980480510304915, "p25": 18.55393514543539, "median": 41.8553010893811, "p75": 67.8798119208659, "p90": 81.72773972741561, "p95": 85.18042062403401, "p99": 88.46495793871, "p99.9": 91.27461375074054, "max": 91.37679448517156}, "send_duration": 151.29178403900005, "requested_rate": 123.69, "achieved_rate": 49.05091209769205}, "successes": {"count": 7421, "latency": {"request_latency": {"mean": 9.068256749314317, "min": 4.70552723199944, "p0.1": 4.753948535618256, "p1": 5.429021794412984, "p5": 7.23454222100554, "p10": 7.37918057499337, "p25": 7.54686484800186, "median": 9.835732878011186, "p75": 10.019823946000542, "p90": 10.083804578986019, "p95": 10.111699414992472, "p99": 10.167725207010518, "p99.9": 10.216044845766156, "max": 10.22817294698325}, "normalized_time_per_output_token": {"mean": 0.09430476289251236, "min": 0.0, "p0.1": 0.0, "p1": 0.041905589080767615, "p5": 0.05610676507768763, "p10": 0.0573049014573646, "p25": 0.0587381157519155, "median": 0.07646103380466229, "p75": 0.07783636711188592, "p90": 0.07849235862020634, "p95": 0.0790915943437085, "p99": 0.7681229672309665, "p99.9": 4.246739737630492, "max": 5.06061764950573}, "time_per_output_token": null, "time_to_first_token": null, "inter_token_latency": null}, "throughput": {"input_tokens_per_sec": 6316.435581821793, "output_tokens_per_sec": 5950.788245435392, "total_tokens_per_sec": 12267.223827257185, "requests_per_sec": 47.27544790360955}, "prompt_len": {"mean": 133.609217086646, "min": 130.0, "p0.1": 130.0, "p1": 130.0, "p5": 131.0, "p10": 131.0, "p25": 132.0, "median": 133.0, "p75": 135.0, "p90": 137.0, "p95": 138.0, "p99": 140.0, "p99.9": 143.0, "max": 148.0}, "output_len": {"mean": 125.87481471499798, "min": 0.0, "p0.1": 0.0, "p1": 9.0, "p5": 126.0, "p10": 128.0, "p25": 129.0, "median": 129.0, "p75": 129.0, "p90": 129.0, "p95": 129.0, "p99": 129.0, "p99.9": 130.0, "max": 131.0}}, "failures": {"count": 0, "request_latency": null, "prompt_len": null}}