{"load_summary": {}, "successes": {"count": 24758, "rate": 91.023529, "prompt_len": {"mean": 6084, "rate": 12195.279178}, "output_len": {"mean": 5818, "rate": 11668.487314}, "queue_len": {"mean": 161}, "request_latency": {"mean": 8.831213, "median": 7.850547, "p90": 10.965124, "p99": 14.596512}, "time_to_first_token": {"mean": 3.743589, "median": 3.25079, "p90": 4.73126, "p99": 6.587279}, "time_per_output_token": {"mean": 0.040059, "median": 0.039011, "p90": 0.076218, "p99": 0.143594}, "kv_cache_usage_percentage": {"mean": 0.201969, "median": 0.207609, "p90": 0.280842, "p99": 0.306351}, "num_requests_swapped": {"mean": 0}, "num_preemptions_total": {"mean": 0}, "prefix_cache_hit_percent": {"mean": 49.99798611788931}}, "failures": {}}