{"load_summary": {}, "successes": {"count": 19875, "rate": 88.333468, "prompt_len": {"mean": 5917, "rate": 11805.139547}, "output_len": {"mean": 5665, "rate": 11276.414028}, "queue_len": {"mean": 164}, "request_latency": {"mean": 8.984024, "median": 7.992915, "p90": 11.970274, "p99": 14.697027}, "time_to_first_token": {"mean": 3.776731, "median": 3.240927, "p90": 4.698332, "p99": 6.046857}, "time_per_output_token": {"mean": 0.041087, "median": 0.040784, "p90": 0.083972, "p99": 0.119276}, "kv_cache_usage_percentage": {"mean": 0.213455, "median": 0.216303, "p90": 0.275847, "p99": 0.284955}, "num_requests_swapped": {"mean": 0}, "num_preemptions_total": {"mean": 0}, "prefix_cache_hit_percent": {"mean": 49.99811362798555}}, "failures": {}}