{"load_summary": {"count": 5293, "schedule_delay": {"mean": 0.00018330871457194963, "min": -0.0011893706396222115, "p0.1": -0.001096728714182973, "p1": -0.0008986834390088916, "p5": -0.0006395374191924929, "p10": -0.0004628057591617107, "p25": -0.00017097522504627705, "median": 0.00018829305190593004, "p75": 0.0005260935286059976, "p90": 0.0008327108807861808, "p95": 0.001020870427601039, "p99": 0.001305051534436643, "p99.9": 0.0016002797847613904, "max": 0.0022666582372039557}, "send_duration": 59.995194492978044, "requested_rate": 88.23, "achieved_rate": 88.22373266278024}, "successes": {"count": 5293, "latency": {"request_latency": {"mean": 2.193609681667345, "min": 0.13901563500985503, "p0.1": 0.15558556271251292, "p1": 0.21120637256186456, "p5": 0.41895561376586554, "p10": 0.6138029936235398, "p25": 1.2734732079552487, "median": 2.1132899509975687, "p75": 3.100722750998102, "p90": 3.8064906019717455, "p95": 4.235597132961265, "p99": 4.640453836605884, "p99.9": 4.914978292100136, "max": 5.0266126450151205}, "normalized_time_per_output_token": {"mean": 0.026330736193332784, "min": 0.00883474841248244, "p0.1": 0.00908255541911016, "p1": 0.010908232329945583, "p5": 0.01255297401511247, "p10": 0.012937728200524008, "p25": 0.014223343626196896, "median": 0.018379853304435055, "p75": 0.025975936371833087, "p90": 0.05079028751470303, "p95": 0.07725372025975955, "p99": 0.12912444541149387, "p99.9": 0.15857518012398383, "max": 0.17811272163155742}, "time_per_output_token": {"mean": 0.006159274825538748, "min": 0.003920152534319218, "p0.1": 0.0040649360981579825, "p1": 0.004792355754751409, "p5": 0.005440069772579439, "p10": 0.0056772643851446284, "p25": 0.006056248690433723, "median": 0.006263674350936484, "p75": 0.006380435951031381, "p90": 0.006468462288701635, "p95": 0.0065199857255525805, "p99": 0.006638511005789524, "p99.9": 0.006892010521799975, "max": 0.007232628819165808}, "time_to_first_token": {"mean": 0.7329435712671197, "min": 0.024667750112712383, "p0.1": 0.026106926396489143, "p1": 0.030522655621171, "p5": 0.037206615204922855, "p10": 0.0449519379530102, "p25": 0.1875974900322035, "median": 0.5524969870457426, "p75": 1.36077413498424, "p90": 1.5748547847382726, "p95": 1.6677274367772044, "p99": 1.824467456084676, "p99.9": 1.8515485865995291, "max": 1.8662258929107338}, "inter_token_latency": {"mean": 0.006255899853718978, "min": 2.596992999315262e-06, "p0.1": 3.0760420486330986e-06, "p1": 7.892027497291565e-06, "p5": 1.0135001502931118e-05, "p10": 1.1587981134653091e-05, "p25": 1.55250309035182e-05, "median": 4.625192377716303e-05, "p75": 0.01188817253569141, "p90": 0.014486975967884064, "p95": 0.016176677483599633, "p99": 0.020121445064432936, "p99.9": 0.024942143253283623, "max": 0.030592903029173613}}, "throughput": {"input_tokens_per_sec": 6249.967084327073, "output_tokens_per_sec": 9722.421890522552, "total_tokens_per_sec": 15972.388974849624, "requests_per_sec": 82.99108345837585}, "prompt_len": {"mean": 75.30889854524844, "min": 10.0, "p0.1": 10.0, "p1": 10.0, "p5": 11.0, "p10": 12.0, "p25": 18.0, "median": 37.0, "p75": 120.0, "p90": 208.80000000000018, "p95": 233.0, "p99": 252.0, "p99.9": 256.0, "max": 256.0}, "output_len": {"mean": 117.15019837521254, "min": 10.0, "p0.1": 11.0, "p1": 11.0, "p5": 14.0, "p10": 19.0, "p25": 40.0, "median": 110.0, "p75": 188.0, "p90": 231.0, "p95": 243.0, "p99": 255.0, "p99.9": 257.0, "max": 257.0}}, "failures": {"count": 0, "request_latency": null, "prompt_len": null}}