{"load_summary": {"count": 6340, "schedule_delay": {"mean": 3.4645940569717673, "min": -0.0011644009500741959, "p0.1": -0.0010004407610977068, "p1": -0.0006845808087382466, "p5": -0.00025807635975070296, "p10": 2.8693792410194994e-05, "p25": 0.0009863230516202748, "median": 2.8411651545902714, "p75": 6.1701981254445855, "p90": 8.455732063075994, "p95": 8.978172267944318, "p99": 9.416047827436122, "p99.9": 9.562835115756728, "max": 9.594018728937954}, "send_duration": 69.58578625798691, "requested_rate": 105.68, "achieved_rate": 91.11056066097562}, "successes": {"count": 6340, "latency": {"request_latency": {"mean": 4.56466768029822, "min": 0.13075110304635018, "p0.1": 0.2034473662811797, "p1": 0.6292528482736088, "p5": 1.67475429760525, "p10": 2.573529710050207, "p25": 3.828452726942487, "median": 4.54698737844592, "p75": 5.733043675980298, "p90": 6.430633460334502, "p95": 6.662020913866581, "p99": 6.9100064420246055, "p99.9": 7.088702223359375, "max": 7.289143919013441}, "normalized_time_per_output_token": {"mean": 0.0729242898525442, "min": 0.009255919298933197, "p0.1": 0.009868762233564648, "p1": 0.01196586055665258, "p5": 0.016542284548608354, "p10": 0.022748842392910355, "p25": 0.028986148679981463, "median": 0.03984725180271198, "p75": 0.08826922643796327, "p90": 0.18180451131650313, "p95": 0.24530643010148193, "p99": 0.33363091877788625, "p99.9": 0.3577259142880594, "max": 0.36582896463699976}, "time_per_output_token": {"mean": 0.00616868998286782, "min": 0.00413128615428622, "p0.1": 0.004329266302730413, "p1": 0.004963758914961093, "p5": 0.005487556825827241, "p10": 0.005732076722025562, "p25": 0.006069946614484522, "median": 0.006266120610324593, "p75": 0.006373207387742971, "p90": 0.006454540810499426, "p95": 0.006498346567321012, "p99": 0.0065878059990640645, "p99.9": 0.006794129103865959, "max": 0.006994625564471309}, "time_to_first_token": {"mean": 3.103046196421233, "min": 0.024498908082023263, "p0.1": 0.02682286493468564, "p1": 0.03243801557458937, "p5": 0.4842939243419096, "p10": 1.2054073486011478, "p25": 3.2140792247082572, "median": 3.5831617140211165, "p75": 3.6811068804527167, "p90": 3.787810219707899, "p95": 3.8722179742588194, "p99": 3.9828644897462797, "p99.9": 4.032096923293313, "max": 4.045706143951975}, "inter_token_latency": {"mean": 0.00626678365259481, "min": 1.718057319521904e-06, "p0.1": 3.0320370569825172e-06, "p1": 7.839943282306195e-06, "p5": 1.01820332929492e-05, "p10": 1.1625932529568672e-05, "p25": 1.562002580612898e-05, "median": 4.6215951442718506e-05, "p75": 0.01188420518883504, "p90": 0.01446141948690638, "p95": 0.016205178253585473, "p99": 0.020285029831575232, "p99.9": 0.03051846179878352, "max": 0.13058540201745927}}, "throughput": {"input_tokens_per_sec": 6263.645081987682, "output_tokens_per_sec": 9896.735084813385, "total_tokens_per_sec": 16160.380166801067, "requests_per_sec": 84.46382044368279}, "prompt_len": {"mean": 74.15772870662461, "min": 10.0, "p0.1": 10.0, "p1": 10.0, "p5": 11.0, "p10": 12.0, "p25": 17.0, "median": 38.0, "p75": 117.0, "p90": 206.0, "p95": 230.0, "p99": 251.0, "p99.9": 256.0, "max": 256.0}, "output_len": {"mean": 117.17129337539433, "min": 11.0, "p0.1": 11.0, "p1": 11.0, "p5": 14.0, "p10": 19.0, "p25": 38.0, "median": 109.0, "p75": 190.0, "p90": 232.0, "p95": 245.0, "p99": 255.0, "p99.9": 257.0, "max": 257.0}}, "failures": {"count": 0, "request_latency": null, "prompt_len": null}}