{"load_summary": {}, "successes": {"count": 5157, "rate": 63.669162, "prompt_len": {"mean": 2100, "rate": 8825.68509}, "output_len": {"mean": 1866, "rate": 8322.645077}, "queue_len": {"mean": 0}, "request_latency": {"mean": 4.754468, "median": 4.214305, "p90": 8.153901, "p99": 9.81539}, "time_to_first_token": {"mean": 0.152927, "median": 0.064194, "p90": 0.160279, "p99": 3.369207}, "time_per_output_token": {"mean": 0.036944, "median": 0.037809, "p90": 0.048639, "p99": 0.070428}, "kv_cache_usage_percentage": {"mean": 0.14321, "median": 0.171072, "p90": 0.190512, "p99": 0.194456}, "num_requests_swapped": {"mean": 0}, "num_preemptions_total": {"mean": 0}, "prefix_cache_hit_percent": {"mean": 50.98031063715549}}, "failures": {}}