{"load_summary": {"count": 3426, "schedule_delay": {"mean": 6.638716641962825, "min": -0.0012846965692006052, "p0.1": -0.0010631073339027353, "p1": -0.0007590041059302166, "p5": -0.0003426106704864651, "p10": -3.686718991957605e-05, "p25": 0.0008546955359634012, "median": 5.628728688578121, "p75": 12.10981576544873, "p90": 15.609431803488405, "p95": 16.57374082885508, "p99": 17.70595219011011, "p99.9": 18.103448346404196, "max": 18.204689750738908}, "send_duration": 78.14835874299752, "requested_rate": 57.11, "achieved_rate": 43.83969228665326}, "successes": {"count": 3426, "latency": {"request_latency": {"mean": 9.883967825545778, "min": 3.609738210972864, "p0.1": 3.6751244184823006, "p1": 4.48444674978964, "p5": 6.127387213520706, "p10": 7.221054891473614, "p25": 9.467099963017972, "median": 10.591793994477484, "p75": 10.90360963952844, "p90": 11.083552199503174, "p95": 11.161428341525607, "p99": 11.240301732235821, "p99.9": 11.304234092317348, "max": 11.319567880011164}, "normalized_time_per_output_token": {"mean": 0.08095835418938482, "min": 0.02798246675172763, "p0.1": 0.02854366604643269, "p1": 0.034763153099144496, "p5": 0.04751261628682765, "p10": 0.05614307171700328, "p25": 0.07349978319367903, "median": 0.08223374635671525, "p75": 0.08464742443894664, "p90": 0.08611436285662408, "p95": 0.08668652210484327, "p99": 0.08764814301776097, "p99.9": 1.317755835481028, "max": 5.333065982500557}, "time_per_output_token": {"mean": 0.02361349158740073, "min": 0.012391561455209286, "p0.1": 0.012587786040905045, "p1": 0.01444450123927507, "p5": 0.01941213268178093, "p10": 0.022711382739215087, "p25": 0.02404188204174843, "median": 0.02411324525483456, "p75": 0.024206847711119726, "p90": 0.02440138596290331, "p95": 0.024453443713107505, "p99": 0.02457637423931409, "p99.9": 0.0246719150607957, "max": 0.024704983490310854}, "time_to_first_token": {"mean": 3.814234499704147, "min": 0.03484027599915862, "p0.1": 0.038352652690082326, "p1": 0.04845596900850069, "p5": 0.08968189549341332, "p10": 1.0319641669921111, "p25": 3.983811095240526, "median": 4.408018934977008, "p75": 4.7223503090353915, "p90": 4.8850172754901, "p95": 4.947558674510219, "p99": 5.029496378250769, "p99.9": 5.101885174390918, "max": 5.111668010998983}, "inter_token_latency": {"mean": 0.02361349158740073, "min": 2.6240013539791107e-06, "p0.1": 2.995976305101067e-06, "p1": 7.611000910401344e-06, "p5": 9.538955055177212e-06, "p10": 1.0462012141942978e-05, "p25": 1.322402385994792e-05, "median": 4.228699253872037e-05, "p75": 0.047789025513338856, "p90": 0.05353282107389532, "p95": 0.06261602547601797, "p99": 0.06834395864454564, "p99.9": 0.08101490810735067, "max": 0.12185870402026922}}, "throughput": {"input_tokens_per_sec": 5432.411636606223, "output_tokens_per_sec": 5135.095868657402, "total_tokens_per_sec": 10567.507505263624, "requests_per_sec": 39.94994787593276}, "prompt_len": {"mean": 135.9804436660829, "min": 130.0, "p0.1": 130.0, "p1": 131.0, "p5": 132.0, "p10": 132.0, "p25": 134.0, "median": 136.0, "p75": 138.0, "p90": 140.0, "p95": 141.0, "p99": 144.0, "p99.9": 146.0, "max": 147.0}, "output_len": {"mean": 128.53823701109164, "min": 2.0, "p0.1": 5.425000000000001, "p1": 126.0, "p5": 128.0, "p10": 129.0, "p25": 129.0, "median": 129.0, "p75": 129.0, "p90": 129.0, "p95": 129.0, "p99": 129.0, "p99.9": 130.0, "max": 154.0}}, "failures": {"count": 0, "request_latency": null, "prompt_len": null}}