{"load_summary": {"count": 1107, "schedule_delay": {"mean": 0.0010643513398303868, "min": -0.0015451962826773524, "p0.1": -0.001451424110447988, "p1": -0.0010081887035630643, "p5": -0.0004627166199497878, "p10": -0.00015234446618705983, "p25": 0.00033601344330236316, "median": 0.0010003906209021807, "p75": 0.0017281133332289755, "p90": 0.0024050908861681817, "p95": 0.002740359865128994, "p99": 0.00344190206145868, "p99.9": 0.004429554207716161, "max": 0.00492675940040499}, "send_duration": 59.988057159935124, "requested_rate": 18.45, "achieved_rate": 18.45367315445155}, "successes": {"count": 1107, "latency": {"request_latency": {"mean": 0.9893174249985505, "min": 0.09498084697406739, "p0.1": 0.09731472767936065, "p1": 0.10541488439776003, "p5": 0.13443806464783847, "p10": 0.17416459978558124, "p25": 0.3818135795299895, "median": 0.9446820979937911, "p75": 1.5459731865557842, "p90": 1.860252963239327, "p95": 1.9570057276519948, "p99": 2.0597460761945694, "p99.9": 2.096717569414528, "max": 2.098188046948053}, "normalized_time_per_output_token": {"mean": 0.008262538808104434, "min": 0.00744565970817348, "p0.1": 0.00746643825592944, "p1": 0.007790199481277326, "p5": 0.007878928942983292, "p10": 0.007937899960183244, "p25": 0.008022755406070546, "median": 0.008142933450189644, "p75": 0.0083641435190423, "p90": 0.008781805949221398, "p95": 0.009042233356911525, "p99": 0.009639209346447995, "p99.9": 0.010182232413033947, "max": 0.01051319707543231}, "time_per_output_token": {"mean": 0.0038778307480587465, "min": 0.003246442714173879, "p0.1": 0.003285940973786637, "p1": 0.00336702054022767, "p5": 0.003550591464004209, "p10": 0.003681767246286784, "p25": 0.00382814637340989, "median": 0.0039204328211353105, "p75": 0.003966408854062118, "p90": 0.004018680024219782, "p95": 0.0040578016922676085, "p99": 0.004102849575523457, "p99.9": 0.004148149918694638, "max": 0.004151554637849178}, "time_to_first_token": {"mean": 0.03064960387189197, "min": 0.0205615209415555, "p0.1": 0.021394770500482992, "p1": 0.023408588510937987, "p5": 0.025039437448140234, "p10": 0.025861545652151107, "p25": 0.027983233565464616, "median": 0.030402400996536016, "p75": 0.03307962551480159, "p90": 0.035208712820895015, "p95": 0.03710834458470345, "p99": 0.04051564331399278, "p99.9": 0.05513191143167369, "max": 0.06361380103044212}, "inter_token_latency": {"mean": 0.0039378405491437285, "min": 2.6370398700237274e-06, "p0.1": 2.985243685543537e-06, "p1": 7.972526364028453e-06, "p5": 9.782961569726467e-06, "p10": 1.0227039456367493e-05, "p25": 1.1748052202165127e-05, "median": 3.587303217500448e-05, "p75": 0.007732679951004684, "p90": 0.008000415982678533, "p95": 0.00883996095508337, "p99": 0.01026540378574282, "p99.9": 0.013482938523404313, "max": 0.016707768896594644}}, "throughput": {"input_tokens_per_sec": 1362.5020253598843, "output_tokens_per_sec": 2187.304612506768, "total_tokens_per_sec": 3549.806637866652, "requests_per_sec": 17.913605335915246}, "prompt_len": {"mean": 76.05962059620596, "min": 10.0, "p0.1": 10.0, "p1": 10.0, "p5": 11.0, "p10": 12.0, "p25": 18.0, "median": 39.0, "p75": 122.5, "p90": 207.39999999999998, "p95": 230.0, "p99": 250.0, "p99.9": 253.89400000000023, "max": 256.0}, "output_len": {"mean": 122.1029810298103, "min": 11.0, "p0.1": 11.0, "p1": 11.0, "p5": 15.0, "p10": 20.0, "p25": 46.0, "median": 117.0, "p75": 192.0, "p90": 231.0, "p95": 243.0, "p99": 254.0, "p99.9": 256.0, "max": 257.0}}, "failures": {"count": 0, "request_latency": null, "prompt_len": null}}