{"load_summary": {"count": 10159, "schedule_delay": {"mean": 74.74957758299763, "min": -0.0009722897666506469, "p0.1": -0.0008286054751370102, "p1": -0.00020324032870121302, "p5": 2.8336227594700176, "p10": 10.902895099704619, "p25": 35.44358891589218, "median": 76.34162202314474, "p75": 116.52970585299772, "p90": 137.2600879212143, "p95": 145.4551672643691, "p99": 153.22237529015985, "p99.9": 153.32820483492526, "max": 153.34896590095013}, "send_duration": 213.32901760702953, "requested_rate": 169.32, "achieved_rate": 47.62127587684182}, "successes": {"count": 10159, "latency": {"request_latency": {"mean": 9.443862411978124, "min": 5.313348044990562, "p0.1": 5.374201218264876, "p1": 5.520036235109437, "p5": 6.87772931419313, "p10": 6.922979480796494, "p25": 6.99902030051453, "median": 10.55074842798058, "p75": 10.620142911997391, "p90": 10.66014727660222, "p95": 10.689889044000301, "p99": 10.724116620856803, "p99.9": 10.74733444071212, "max": 10.754776416986715}, "normalized_time_per_output_token": {"mean": 0.07651748265119317, "min": 0.0, "p0.1": 0.04120949968797256, "p1": 0.042752890921948665, "p5": 0.05332001328920448, "p10": 0.05368485555193539, "p25": 0.05432930600002783, "median": 0.0818180364029583, "p75": 0.08236991411233827, "p90": 0.08276704310073135, "p95": 0.08302344333930049, "p99": 0.08442687233456635, "p99.9": 1.1077902240403488, "max": 5.307224092975957}, "time_per_output_token": {"mean": 0.021146455529702998, "min": 0.01381807024898696, "p0.1": 0.014003007681952003, "p1": 0.016114970915321193, "p5": 0.021069555709809826, "p10": 0.02111115697504054, "p25": 0.021183409690625914, "median": 0.021259272673098437, "p75": 0.02131125445709589, "p90": 0.021357600274676973, "p95": 0.0213875375268845, "p99": 0.021451994762235006, "p99.9": 0.02153146506205984, "max": 0.021578215984428294}, "time_to_first_token": {"mean": 4.008152722825603, "min": 0.05348318303003907, "p0.1": 0.10237810456415172, "p1": 0.1426228601729963, "p5": 1.4416455242200754, "p10": 1.4886014838004484, "p25": 1.5425934469967615, "median": 5.0861235040356405, "p75": 5.1516286234837025, "p90": 5.187952373805456, "p95": 5.212064097111579, "p99": 5.2445230815385, "p99.9": 5.275115568066132, "max": 5.281802318990231}, "inter_token_latency": {"mean": 0.021146455529702998, "min": 2.3840111680328846e-06, "p0.1": 3.011955413967371e-06, "p1": 7.4499985203146935e-06, "p5": 9.330047760158777e-06, "p10": 1.0228948667645454e-05, "p25": 1.2824952136725187e-05, "median": 4.1454972233623266e-05, "p75": 0.03341199550777674, "p90": 0.03440673080040142, "p95": 0.09000325499218888, "p99": 0.1140910279867239, "p99.9": 0.13707200557435867, "max": 0.16590371204074472}}, "throughput": {"input_tokens_per_sec": 6221.634309355579, "output_tokens_per_sec": 5875.178909256265, "total_tokens_per_sec": 12096.813218611844, "requests_per_sec": 45.76072509047684}, "prompt_len": {"mean": 135.96013387144404, "min": 130.0, "p0.1": 130.0, "p1": 131.0, "p5": 132.0, "p10": 133.0, "p25": 134.0, "median": 136.0, "p75": 138.0, "p90": 140.0, "p95": 141.0, "p99": 144.0, "p99.9": 146.0, "max": 151.0}, "output_len": {"mean": 128.38911310168325, "min": 0.0, "p0.1": 2.0, "p1": 125.0, "p5": 128.0, "p10": 129.0, "p25": 129.0, "median": 129.0, "p75": 129.0, "p90": 129.0, "p95": 129.0, "p99": 129.0, "p99.9": 130.0, "max": 130.0}}, "failures": {"count": 0, "request_latency": null, "prompt_len": null}}