{"load_summary": {"count": 12328, "schedule_delay": {"mean": 89.92489012892929, "min": -0.0009437200205866247, "p0.1": -0.0005365420938469469, "p1": 0.00014993538468843323, "p5": 3.033489941051812, "p10": 14.344451984119951, "p25": 42.02859507431276, "median": 90.24744039116194, "p75": 138.0253996989486, "p90": 166.5332700433588, "p95": 178.198620759981, "p99": 182.5786528500938, "p99.9": 186.34885867164408, "max": 186.3922044306819}, "send_duration": 246.32460126801743, "requested_rate": 205.48, "achieved_rate": 50.04778222125821}, "successes": {"count": 12328, "latency": {"request_latency": {"mean": 8.87671633875254, "min": 4.979850332019851, "p0.1": 5.027389410580014, "p1": 5.178618610529229, "p5": 6.274447250354569, "p10": 6.325296865197015, "p25": 6.450984100003552, "median": 9.900904171998263, "p75": 9.99350212723948, "p90": 10.067383625087677, "p95": 10.27745993402059, "p99": 10.673646221341915, "p99.9": 10.735599854579021, "max": 10.766246290004347}, "normalized_time_per_output_token": {"mean": 0.0892795868680897, "min": 0.0, "p0.1": 0.0, "p1": 0.04015285399172982, "p5": 0.04868436298873898, "p10": 0.049102540831140226, "p25": 0.05025018012111104, "median": 0.07696801420540797, "p75": 0.07767941661316446, "p90": 0.0789721709005655, "p95": 0.08253820957976948, "p99": 0.5851720406384073, "p99.9": 3.3664812758344413, "max": 5.055837325999164}, "time_per_output_token": null, "time_to_first_token": null, "inter_token_latency": null}, "throughput": {"input_tokens_per_sec": 6500.8275940237045, "output_tokens_per_sec": 6123.878679314782, "total_tokens_per_sec": 12624.706273338486, "requests_per_sec": 48.65486567408221}, "prompt_len": {"mean": 133.61104802076574, "min": 129.0, "p0.1": 130.0, "p1": 130.0, "p5": 131.0, "p10": 131.0, "p25": 132.0, "median": 133.0, "p75": 135.0, "p90": 136.0, "p95": 138.0, "p99": 140.0, "p99.9": 142.0, "max": 151.0}, "output_len": {"mean": 125.86364373783258, "min": 0.0, "p0.1": 0.0, "p1": 11.0, "p5": 126.0, "p10": 128.0, "p25": 129.0, "median": 129.0, "p75": 129.0, "p90": 129.0, "p95": 129.0, "p99": 129.0, "p99.9": 130.0, "max": 131.0}}, "failures": {"count": 0, "request_latency": null, "prompt_len": null}}