{"load_summary": {"count": 20258, "schedule_delay": {"mean": 180.9516764852221, "min": -0.0009435279644094408, "p0.1": -0.0006262673997553066, "p1": 0.00012727302615530789, "p5": 13.672386365546846, "p10": 32.3426258622203, "p25": 88.9383481604309, "median": 179.59070478513604, "p75": 273.92145639511, "p90": 330.45753456512466, "p95": 349.4920907939959, "p99": 363.91456958378666, "p99.9": 368.42414501204996, "max": 368.51584619196365}, "send_duration": 428.4636506999959, "requested_rate": 337.64, "achieved_rate": 47.28055686148359}, "successes": {"count": 20258, "latency": {"request_latency": {"mean": 9.37217757121897, "min": 5.296948311035521, "p0.1": 5.379205748354143, "p1": 5.754311608656426, "p5": 6.503615934791742, "p10": 6.529749453876866, "p25": 6.661267337971367, "median": 10.522132521000458, "p75": 10.543407284014393, "p90": 10.577992833411553, "p95": 10.591115592885762, "p99": 10.676327202524408, "p99.9": 10.692867740416434, "max": 10.722936932987068}, "normalized_time_per_output_token": {"mean": 0.07624733813145958, "min": 0.0, "p0.1": 0.041358129792177574, "p1": 0.04447577612394243, "p5": 0.05041960645834789, "p10": 0.05067057658849616, "p25": 0.05166662711654194, "median": 0.08157542354247692, "p75": 0.08176027581974676, "p90": 0.08208933256043861, "p95": 0.08250674950583875, "p99": 0.08386078453593655, "p99.9": 1.330090345446038, "max": 5.308288629021263}, "time_per_output_token": {"mean": 0.02073968488459663, "min": 0.008430691112959866, "p0.1": 0.00871529946132139, "p1": 0.020122232632374063, "p5": 0.02065097161741739, "p10": 0.02068419432378979, "p25": 0.020728139154618, "median": 0.020764674284044247, "p75": 0.02082325158472461, "p90": 0.020901757569264275, "p95": 0.020975888709314366, "p99": 0.02108628235646145, "p99.9": 0.021189041966889945, "max": 0.02128337950972072}, "time_to_first_token": {"mean": 4.040971965828396, "min": 0.04532886203378439, "p0.1": 0.1728199554263265, "p1": 0.605090493542375, "p5": 1.1723766119306673, "p10": 1.1902044115937316, "p25": 1.3141347507189494, "median": 5.191315003990894, "p75": 5.2022809022600995, "p90": 5.217557638173457, "p95": 5.225060198619031, "p99": 5.342476012990228, "p99.9": 5.353756637600717, "max": 5.370936283026822}, "inter_token_latency": {"mean": 0.02073968488459663, "min": 2.500019036233425e-06, "p0.1": 3.0329861328937113e-06, "p1": 7.52799678593874e-06, "p5": 9.459035936743021e-06, "p10": 1.0349031072109938e-05, "p25": 1.2944277841597795e-05, "median": 4.092699964530766e-05, "p75": 0.03334514400921762, "p90": 0.03414864698424935, "p95": 0.039087495766580105, "p99": 0.14685068777762353, "p99.9": 0.15013435745553586, "max": 0.18085868802154437}}, "throughput": {"input_tokens_per_sec": 6320.814111799576, "output_tokens_per_sec": 5969.5100164735595, "total_tokens_per_sec": 12290.324128273134, "requests_per_sec": 46.486850063781866}, "prompt_len": {"mean": 135.96993780234968, "min": 130.0, "p0.1": 130.0, "p1": 131.0, "p5": 132.0, "p10": 133.0, "p25": 134.0, "median": 136.0, "p75": 138.0, "p90": 140.0, "p95": 141.0, "p99": 144.0, "p99.9": 147.0, "max": 156.0}, "output_len": {"mean": 128.41287392635007, "min": 0.0, "p0.1": 2.2570000000000014, "p1": 125.0, "p5": 128.0, "p10": 129.0, "p25": 129.0, "median": 129.0, "p75": 129.0, "p90": 129.0, "p95": 129.0, "p99": 129.0, "p99.9": 130.0, "max": 189.0}}, "failures": {"count": 0, "request_latency": null, "prompt_len": null}}