{"load_summary": {}, "successes": {"count": 9837, "rate": 76.261521, "prompt_len": {"mean": 5091, "rate": 10242.826784}, "output_len": {"mean": 4926, "rate": 9792.281294}, "queue_len": {"mean": 142}, "request_latency": {"mean": 9.310897, "median": 8.46916, "p90": 13.239621, "p99": 14.823962}, "time_to_first_token": {"mean": 3.777919, "median": 3.652735, "p90": 4.730547, "p99": 4.973055}, "time_per_output_token": {"mean": 0.043179, "median": 0.040689, "p90": 0.064064, "p99": 0.082343}, "kv_cache_usage_percentage": {"mean": 0.176757, "median": 0.232184, "p90": 0.238878, "p99": 0.241266}, "num_requests_swapped": {"mean": 0}, "num_preemptions_total": {"mean": 0}, "prefix_cache_hit_percent": {"mean": 49.99873610718911}}, "failures": {}}