{"load_summary": {"count": 13525, "schedule_delay": {"mean": 109.4885279400531, "min": -0.0011846283450722694, "p0.1": -0.0007466966530773789, "p1": -2.8462209738790978e-05, "p5": 3.806203894817736, "p10": 16.75433093456086, "p25": 51.415367374254856, "median": 108.52470719517441, "p75": 165.822049350827, "p90": 200.6427161757485, "p95": 213.5133050805889, "p99": 222.4040832453128, "p99.9": 226.56916779782344, "max": 226.65542718657525}, "send_duration": 286.65188264497556, "requested_rate": 225.43, "achieved_rate": 47.18266587054305}, "successes": {"count": 13525, "latency": {"request_latency": {"mean": 9.380870315499902, "min": 5.0686209090054035, "p0.1": 5.1674229830731635, "p1": 5.524842225753236, "p5": 6.582357480213977, "p10": 6.615313887619413, "p25": 6.702618329029065, "median": 10.553730779967736, "p75": 10.590615516004618, "p90": 10.619736786803696, "p95": 10.653798415022901, "p99": 10.713640515950974, "p99.9": 10.757297628885135, "max": 10.838609799044207}, "normalized_time_per_output_token": {"mean": 0.07687838282846504, "min": 0.0, "p0.1": 0.04005587134669109, "p1": 0.042805615592691075, "p5": 0.051029313876123944, "p10": 0.051292806505604624, "p25": 0.0520567333645209, "median": 0.08183044676764602, "p75": 0.08213973830749567, "p90": 0.08246949901217739, "p95": 0.0828446036962749, "p99": 0.08392453203023974, "p99.9": 1.492190641160411, "max": 5.323144284484442}, "time_per_output_token": {"mean": 0.020844097625973782, "min": 0.015187975319087912, "p0.1": 0.015361501061618474, "p1": 0.017863785931088595, "p5": 0.02075618378145816, "p10": 0.020785980082501147, "p25": 0.020829020525104137, "median": 0.020883581533136592, "p75": 0.02095082608175714, "p90": 0.021053394753348213, "p95": 0.021127226726960113, "p99": 0.021244261238483008, "p99.9": 0.02132105797320126, "max": 0.02149693856418046}, "time_to_first_token": {"mean": 4.022846105221763, "min": 0.055356523022055626, "p0.1": 0.1226351271874737, "p1": 0.2091165063227527, "p5": 1.2199623720371164, "p10": 1.2411940918304025, "p25": 1.340003420948051, "median": 5.18195288797142, "p75": 5.224000395974144, "p90": 5.239485911815427, "p95": 5.249543102795724, "p99": 5.355520896113012, "p99.9": 5.383749345838791, "max": 5.485652761999518}, "inter_token_latency": {"mean": 0.020844097625973775, "min": 1.92900188267231e-06, "p0.1": 3.0229566618800163e-06, "p1": 7.467984687536955e-06, "p5": 9.379989933222532e-06, "p10": 1.0284013114869595e-05, "p25": 1.3003009371459484e-05, "median": 4.130398156121373e-05, "p75": 0.03336498700082302, "p90": 0.03415808358695358, "p95": 0.048531002365052645, "p99": 0.14598002198385074, "p99.9": 0.14898273561219688, "max": 0.1684376070043072}}, "throughput": {"input_tokens_per_sec": 6303.449653789662, "output_tokens_per_sec": 5959.3022158327385, "total_tokens_per_sec": 12262.751869622402, "requests_per_sec": 46.36280789249855}, "prompt_len": {"mean": 135.9591866913124, "min": 130.0, "p0.1": 130.0, "p1": 131.0, "p5": 132.0, "p10": 133.0, "p25": 134.0, "median": 136.0, "p75": 138.0, "p90": 140.0, "p95": 141.0, "p99": 144.0, "p99.9": 146.0, "max": 151.0}, "output_len": {"mean": 128.53626617375232, "min": 0.0, "p0.1": 3.524000000000001, "p1": 126.0, "p5": 128.0, "p10": 129.0, "p25": 129.0, "median": 129.0, "p75": 129.0, "p90": 129.0, "p95": 129.0, "p99": 129.0, "p99.9": 130.0, "max": 252.0}}, "failures": {"count": 0, "request_latency": null, "prompt_len": null}}