{"load_summary": {}, "successes": {"count": 452, "rate": 5.650277, "prompt_len": {"mean": 3350, "rate": 758.83895}, "output_len": {"mean": 3207, "rate": 678.34201}, "queue_len": {"mean": 0}, "request_latency": {"mean": 5.69833, "median": 4.64, "p90": 8.913462, "p99": 9.891346}, "time_to_first_token": {"mean": 1.265619, "median": 0.056585, "p90": 3.968182, "p99": 4.896818}, "time_per_output_token": {"mean": 0.029774, "median": 0.032211, "p90": 0.047239, "p99": 0.130071}, "kv_cache_usage_percentage": {"mean": 0.001474, "median": 0.001759, "p90": 0.002563, "p99": 0.002608}, "num_requests_swapped": {"mean": 0}, "num_preemptions_total": {"mean": 0}, "prefix_cache_hit_percent": {"mean": 52.84771233986607}}, "failures": {}}