{"load_summary": {"count": 2153, "schedule_delay": {"mean": 0.0005467592355636452, "min": -0.0011620771838352084, "p0.1": -0.0010192844094708562, "p1": -0.0008312853798270226, "p5": -0.0005402827402576805, "p10": -0.0003528807079419492, "p25": 3.448105417191982e-05, "median": 0.00045066303573548794, "p75": 0.0009445128962397575, "p90": 0.0015040965983644126, "p95": 0.0020164831541478628, "p99": 0.002965787863358856, "p99.9": 0.0038342056777328306, "max": 0.005183038883842528}, "send_duration": 59.999157477985136, "requested_rate": 35.89, "achieved_rate": 35.88383721538053}, "successes": {"count": 2153, "latency": {"request_latency": {"mean": 1.0382443250891118, "min": 0.10127777198795229, "p0.1": 0.1026732154712081, "p1": 0.11357275435235352, "p5": 0.14426313620060682, "p10": 0.18675035582855345, "p25": 0.372361340909265, "median": 0.9524862068938091, "p75": 1.6739601079607382, "p90": 2.0410634401254355, "p95": 2.160875049140304, "p99": 2.269124220982194, "p99.9": 2.31952064395603, "max": 2.325996286002919}, "normalized_time_per_output_token": {"mean": 0.009057216848820602, "min": 0.007804684473116149, "p0.1": 0.00806504640231911, "p1": 0.008258547976622952, "p5": 0.008488202130089148, "p10": 0.008609765513642582, "p25": 0.008789801683837585, "median": 0.008977025577823828, "p75": 0.009205418491934533, "p90": 0.009626569732144062, "p95": 0.009952908690334772, "p99": 0.010592219787755644, "p99.9": 0.011799089122834358, "max": 0.012223870703019201}, "time_per_output_token": {"mean": 0.004252364399362178, "min": 0.0034130018244942894, "p0.1": 0.0034939490108564495, "p1": 0.00366571366033029, "p5": 0.0038585410781906797, "p10": 0.003980541086015204, "p25": 0.004160136320487649, "median": 0.004295461936707161, "p75": 0.00438455407325166, "p90": 0.004454025482333742, "p95": 0.004489775956840516, "p99": 0.004544392428887942, "p99.9": 0.004620001698473582, "max": 0.004666979830101903}, "time_to_first_token": {"mean": 0.03147832616343722, "min": 0.021268035052344203, "p0.1": 0.022198005982674657, "p1": 0.023505743723362685, "p5": 0.02554199695587158, "p10": 0.026667356281541287, "p25": 0.028624944970943034, "median": 0.03116474498528987, "p75": 0.0339120359858498, "p90": 0.036578436149284244, "p95": 0.038427746691741045, "p99": 0.04249855380505324, "p99.9": 0.052078681619839896, "max": 0.06339152401778847}, "inter_token_latency": {"mean": 0.004322265395988063, "min": 2.658925950527191e-06, "p0.1": 3.008986823260784e-06, "p1": 7.511000148952007e-06, "p5": 9.687966667115688e-06, "p10": 1.0521034710109234e-05, "p25": 1.3296958059072495e-05, "median": 3.9604026824235916e-05, "p75": 0.008398963022045791, "p90": 0.009266263782046735, "p95": 0.009780208184383809, "p99": 0.01236967203207311, "p99.9": 0.015862973309122404, "max": 0.01968874002341181}}, "throughput": {"input_tokens_per_sec": 2550.119881586947, "output_tokens_per_sec": 4088.405317053136, "total_tokens_per_sec": 6638.5251986400835, "requests_per_sec": 34.989472743739945}, "prompt_len": {"mean": 72.88248954946586, "min": 10.0, "p0.1": 10.0, "p1": 10.0, "p5": 11.0, "p10": 12.0, "p25": 17.0, "median": 36.0, "p75": 117.0, "p90": 199.0, "p95": 225.0, "p99": 251.0, "p99.9": 255.8480000000004, "max": 256.0}, "output_len": {"mean": 116.8467254993033, "min": 9.0, "p0.1": 11.0, "p1": 11.0, "p5": 14.0, "p10": 20.0, "p25": 41.0, "median": 107.0, "p75": 189.0, "p90": 231.79999999999995, "p95": 245.0, "p99": 255.0, "p99.9": 257.0, "max": 257.0}}, "failures": {"count": 0, "request_latency": null, "prompt_len": null}}