{"load_summary": {"count": 6792, "schedule_delay": {"mean": 41.581460638385536, "min": -0.0012311554746702313, "p0.1": -0.0008245734618394636, "p1": -0.00035687645548023285, "p5": 0.000637888428173028, "p10": 2.120950391399674, "p25": 16.178080878191395, "median": 41.3633856260858, "p75": 66.06590513465926, "p90": 80.29490298636374, "p95": 84.09702640636242, "p99": 87.5906281860848, "p99.9": 87.66981142294523, "max": 87.72421167435823}, "send_duration": 147.7186574539519, "requested_rate": 113.21, "achieved_rate": 45.97929684080198}, "successes": {"count": 6792, "latency": {"request_latency": {"mean": 9.78293076970848, "min": 5.099899586988613, "p0.1": 5.164285299980315, "p1": 5.47996624721738, "p5": 7.920141830894863, "p10": 8.00707160839811, "p25": 8.243284890020732, "median": 10.534560959989903, "p75": 10.868082773013157, "p90": 11.006755220843479, "p95": 11.048120315661071, "p99": 11.092786699095742, "p99.9": 11.189754860940914, "max": 11.199335552984849}, "normalized_time_per_output_token": {"mean": 0.08081290074306331, "min": 0.0, "p0.1": 0.03981489453485954, "p1": 0.04239895828672895, "p5": 0.06140410732678697, "p10": 0.062134503852215035, "p25": 0.06398081572290037, "median": 0.0817216145388634, "p75": 0.08432620658937214, "p90": 0.08543893086219517, "p95": 0.08574004720196185, "p99": 0.08673657601891002, "p99.9": 2.37064420303851, "max": 5.31102754099993}, "time_per_output_token": {"mean": 0.02218456647634648, "min": 0.012452795642024044, "p0.1": 0.012730793310994743, "p1": 0.01537203879175791, "p5": 0.021976228539128916, "p10": 0.02219603338440996, "p25": 0.022278634703173195, "median": 0.022348937690724595, "p75": 0.022415567405638735, "p90": 0.022486470809232637, "p95": 0.022723922900110844, "p99": 0.022834701089010437, "p99.9": 0.02291001937566063, "max": 0.022923930836451903}, "time_to_first_token": {"mean": 4.080434605997402, "min": 0.05231206904863939, "p0.1": 0.058460215679893734, "p1": 0.08037230234243907, "p5": 2.2104227677045856, "p10": 2.279137434007134, "p25": 2.510011532023782, "median": 4.7832215189991985, "p75": 5.116053017263766, "p90": 5.264468652341748, "p95": 5.3216637654870285, "p99": 5.352063983964618, "p99.9": 5.430951336414269, "max": 5.440841739997268}, "inter_token_latency": {"mean": 0.022184566476346482, "min": 2.4919863790273666e-06, "p0.1": 3.002001903951168e-06, "p1": 7.445050869137049e-06, "p5": 9.301991667598486e-06, "p10": 1.0257004760205746e-05, "p25": 1.308403443545103e-05, "median": 4.2496511014178395e-05, "p75": 0.03366000996902585, "p90": 0.06405955423833802, "p95": 0.06838865988829639, "p99": 0.09151152793143412, "p99.9": 0.10232320732856182, "max": 0.1099474630318582}}, "throughput": {"input_tokens_per_sec": 5914.5444530040795, "output_tokens_per_sec": 5588.63954526239, "total_tokens_per_sec": 11503.18399826647, "requests_per_sec": 43.50352056486686}, "prompt_len": {"mean": 135.9555359246172, "min": 130.0, "p0.1": 130.0, "p1": 131.0, "p5": 132.0, "p10": 132.0, "p25": 134.0, "median": 136.0, "p75": 138.0, "p90": 140.0, "p95": 141.0, "p99": 144.0, "p99.9": 146.20900000000074, "max": 151.0}, "output_len": {"mean": 128.4640753828033, "min": 0.0, "p0.1": 2.7910000000000004, "p1": 125.91, "p5": 128.0, "p10": 129.0, "p25": 129.0, "median": 129.0, "p75": 129.0, "p90": 129.0, "p95": 129.0, "p99": 129.09000000000015, "p99.9": 130.0, "max": 131.0}}, "failures": {"count": 0, "request_latency": null, "prompt_len": null}}