{"load_summary": {"count": 16892, "schedule_delay": {"mean": 145.23804650881067, "min": -0.0009343448327854276, "p0.1": -0.0006667731668567285, "p1": 8.554630505386736e-05, "p5": 8.771444126215647, "p10": 22.59026519448962, "p25": 68.31982425387832, "median": 146.1067597665533, "p75": 219.73804877603834, "p90": 265.7828479072894, "p95": 279.66055495533794, "p99": 293.3274665996473, "p99.9": 297.67368175920086, "max": 297.7258964381763}, "send_duration": 357.68577830295544, "requested_rate": 281.54, "achieved_rate": 47.225808306229844}, "successes": {"count": 16892, "latency": {"request_latency": {"mean": 9.380710093457964, "min": 5.348308402986731, "p0.1": 5.374316815096594, "p1": 5.629828863742878, "p5": 6.509936521123746, "p10": 6.531561838230118, "p25": 6.675580964511028, "median": 10.554913297004532, "p75": 10.574303987275925, "p90": 10.59260278926231, "p95": 10.619420812948373, "p99": 10.709507822827437, "p99.9": 10.732268429599412, "max": 10.756099894992076}, "normalized_time_per_output_token": {"mean": 0.07466308730073354, "min": 0.0, "p0.1": 0.04147061562865193, "p1": 0.04354241338935717, "p5": 0.050472603363974036, "p10": 0.05065083973201771, "p25": 0.051768420978973606, "median": 0.08183291559685166, "p75": 0.0819985325310141, "p90": 0.08230265311904922, "p95": 0.08266866364656379, "p99": 0.08388201830380167, "p99.9": 0.6262308466740756, "max": 5.292017758009024}, "time_per_output_token": {"mean": 0.02078340674729957, "min": 0.016096877221811693, "p0.1": 0.01628644071595679, "p1": 0.01913134287486753, "p5": 0.020653620276940763, "p10": 0.02069506450607858, "p25": 0.020776833643865452, "median": 0.020823172375479176, "p75": 0.020853590856080673, "p90": 0.020903601794157553, "p95": 0.02104199905030462, "p99": 0.02113167385631857, "p99.9": 0.021231064989748374, "max": 0.02134149803500079}, "time_to_first_token": {"mean": 4.03826104780338, "min": 0.05343912297394127, "p0.1": 0.1712650420955033, "p1": 0.4808843513031024, "p5": 1.1690611246041953, "p10": 1.1760127421468496, "p25": 1.3167361842206446, "median": 5.204971557977842, "p75": 5.217344232209143, "p90": 5.227935940230964, "p95": 5.2369551746553045, "p99": 5.358052792984527, "p99.9": 5.374257081922842, "max": 5.438444158004131}, "inter_token_latency": {"mean": 0.020783406747299574, "min": 1.8299906514585018e-06, "p0.1": 3.0360533855855465e-06, "p1": 7.507973350584507e-06, "p5": 9.43802297115326e-06, "p10": 1.0377960279583931e-05, "p25": 1.3146956916898489e-05, "median": 4.1382008930668235e-05, "p75": 0.033357054489897564, "p90": 0.03415347367408685, "p95": 0.03919070600240955, "p99": 0.14684788406302687, "p99.9": 0.15008101613359767, "max": 0.2343544999603182}}, "throughput": {"input_tokens_per_sec": 6325.353799826027, "output_tokens_per_sec": 5979.855274170499, "total_tokens_per_sec": 12305.209073996526, "requests_per_sec": 46.52848631428331}, "prompt_len": {"mean": 135.94583234667297, "min": 130.0, "p0.1": 130.0, "p1": 131.0, "p5": 132.0, "p10": 132.0, "p25": 134.0, "median": 136.0, "p75": 138.0, "p90": 140.0, "p95": 141.0, "p99": 144.0, "p99.9": 147.0, "max": 151.0}, "output_len": {"mean": 128.520305470045, "min": 0.0, "p0.1": 6.0, "p1": 126.0, "p5": 128.0, "p10": 129.0, "p25": 129.0, "median": 129.0, "p75": 129.0, "p90": 129.0, "p95": 129.0, "p99": 129.0, "p99.9": 130.0, "max": 188.0}}, "failures": {"count": 0, "request_latency": null, "prompt_len": null}}