{"load_summary": {"count": 4246, "schedule_delay": {"mean": 0.00022031450624394771, "min": -0.001143207075074315, "p0.1": -0.0011115045472979545, "p1": -0.0009003440267406404, "p5": -0.0006112404225859791, "p10": -0.00044755713315680623, "p25": -0.00013835597201250494, "median": 0.00020319689065217972, "p75": 0.0005637280410155654, "p90": 0.0008870967430993915, "p95": 0.0010848274978343397, "p99": 0.001454360556090252, "p99.9": 0.0023640888562658836, "max": 0.003115123137831688}, "send_duration": 59.990488539100625, "requested_rate": 70.78, "achieved_rate": 70.77788668502909}, "successes": {"count": 4246, "latency": {"request_latency": {"mean": 1.3220474011126775, "min": 0.11885388696100563, "p0.1": 0.12326285448973068, "p1": 0.13725177766173147, "p5": 0.1740296512725763, "p10": 0.23128634702879936, "p25": 0.4549493767262902, "median": 1.24497400195105, "p75": 2.1178306586807594, "p90": 2.567891866492573, "p95": 2.7218135890434496, "p99": 2.8971294587652667, "p99.9": 2.9886781249445633, "max": 3.0440777339972556}, "normalized_time_per_output_token": {"mean": 0.011412138290865419, "min": 0.008459115281723262, "p0.1": 0.00886753341650156, "p1": 0.00955678029665335, "p5": 0.010424733487531262, "p10": 0.010618406607806784, "p25": 0.010950969269670477, "median": 0.011381111325740647, "p75": 0.011774453565711947, "p90": 0.012270530745714766, "p95": 0.012675015085015298, "p99": 0.013546157772523458, "p99.9": 0.015089075088342537, "max": 0.016302738833473995}, "time_per_output_token": {"mean": 0.005383547185392177, "min": 0.003827459042203491, "p0.1": 0.003967989821364642, "p1": 0.004361338614918557, "p5": 0.00471744313600173, "p10": 0.004929721105595286, "p25": 0.0052085869972667235, "median": 0.005415457385997864, "p75": 0.005639692342498278, "p90": 0.005775162238249537, "p95": 0.005866032430324954, "p99": 0.005975465249706213, "p99.9": 0.006324038781875571, "max": 0.00651810954191855}, "time_to_first_token": {"mean": 0.036974881799667646, "min": 0.0248560409527272, "p0.1": 0.025383773891953752, "p1": 0.027171229012310505, "p5": 0.029375093727139756, "p10": 0.03059878753265366, "p25": 0.033233396214200184, "median": 0.03646002896130085, "p75": 0.04003786129760556, "p90": 0.04366941354237497, "p95": 0.04666665871627629, "p99": 0.05245231868466366, "p99.9": 0.05817040180321791, "max": 0.07214061100967228}, "inter_token_latency": {"mean": 0.005467969464646044, "min": 2.6419293135404587e-06, "p0.1": 3.0882330611348154e-06, "p1": 7.727998308837414e-06, "p5": 1.0023941285908222e-05, "p10": 1.1589028872549534e-05, "p25": 1.5484984032809734e-05, "median": 4.588195588439703e-05, "p75": 0.010558379988651723, "p90": 0.011897723539732397, "p95": 0.013851059775333852, "p99": 0.016716855653794483, "p99.9": 0.023427738026948728, "max": 0.026242847088724375}}, "throughput": {"input_tokens_per_sec": 5085.2103815952705, "output_tokens_per_sec": 8070.536918734916, "total_tokens_per_sec": 13155.747300330186, "requests_per_sec": 68.44328551131176}, "prompt_len": {"mean": 74.29816297691946, "min": 10.0, "p0.1": 10.0, "p1": 10.0, "p5": 11.0, "p10": 12.0, "p25": 17.0, "median": 37.0, "p75": 119.0, "p90": 205.0, "p95": 232.0, "p99": 252.0, "p99.9": 256.0, "max": 256.0}, "output_len": {"mean": 117.91568535091851, "min": 10.0, "p0.1": 11.0, "p1": 11.0, "p5": 14.0, "p10": 19.0, "p25": 40.0, "median": 110.5, "p75": 191.0, "p90": 231.5, "p95": 244.0, "p99": 254.0, "p99.9": 257.0, "max": 257.0}}, "failures": {"count": 0, "request_latency": null, "prompt_len": null}}