{"load_summary": {"count": 9874, "schedule_delay": {"mean": 67.32356313673003, "min": -0.001031657011481002, "p0.1": -0.0006209824671677779, "p1": 0.0001223372467211448, "p5": 2.704240768348973, "p10": 10.173755564706518, "p25": 29.677304797987745, "median": 66.96552721012267, "p75": 104.27178808333701, "p90": 123.90362401861348, "p95": 131.18954810159485, "p99": 138.5680564216108, "p99.9": 138.86314962391376, "max": 138.92610982252518}, "send_duration": 198.91346332299872, "requested_rate": 164.58, "achieved_rate": 49.639676646554825}, "successes": {"count": 9874, "latency": {"request_latency": {"mean": 9.026979273955277, "min": 5.308290246000979, "p0.1": 5.351194531624001, "p1": 5.5463027359423, "p5": 6.880154603897244, "p10": 6.918040864000796, "p25": 7.008466357008729, "median": 9.94213874549314, "p75": 9.99969972724648, "p90": 10.059284500495414, "p95": 10.109511627613392, "p99": 10.41482193762873, "p99.9": 10.495057314595208, "max": 10.536963316000765}, "normalized_time_per_output_token": {"mean": 0.09285794381021824, "min": 0.0, "p0.1": 0.0, "p1": 0.04284099331943683, "p5": 0.05336620932561797, "p10": 0.05374758666734998, "p25": 0.05467026955818093, "median": 0.07718580601941757, "p75": 0.07776215831396512, "p90": 0.07859427115758524, "p95": 0.08080083799134677, "p99": 0.768283261187874, "p99.9": 3.4490160846383686, "max": 5.07017394650029}, "time_per_output_token": null, "time_to_first_token": null, "inter_token_latency": null}, "throughput": {"input_tokens_per_sec": 6376.83772247488, "output_tokens_per_sec": 6000.697289176794, "total_tokens_per_sec": 12377.535011651675, "requests_per_sec": 47.723817359717565}, "prompt_len": {"mean": 133.61960704881508, "min": 130.0, "p0.1": 130.0, "p1": 130.0, "p5": 131.0, "p10": 131.0, "p25": 132.0, "median": 133.0, "p75": 135.0, "p90": 137.0, "p95": 138.0, "p99": 140.0, "p99.9": 143.0, "max": 148.0}, "output_len": {"mean": 125.73799878468705, "min": 0.0, "p0.1": 0.0, "p1": 9.0, "p5": 126.0, "p10": 128.0, "p25": 129.0, "median": 129.0, "p75": 129.0, "p90": 129.0, "p95": 129.0, "p99": 129.0, "p99.9": 130.0, "max": 143.0}}, "failures": {"count": 0, "request_latency": null, "prompt_len": null}}