{"load_summary": {"count": 2514, "schedule_delay": {"mean": 0.0007339687667537574, "min": -0.0014643214526586235, "p0.1": -0.0010820299793558661, "p1": -0.0006441586537403054, "p5": -0.00028673819761024786, "p10": -9.868750057648867e-05, "p25": 0.000264992966549471, "median": 0.00068927243410144, "p75": 0.0011539827755768783, "p90": 0.001623138572904282, "p95": 0.001970068641821853, "p99": 0.0025265963096171616, "p99.9": 0.003192667658440769, "max": 0.003604235884267837}, "send_duration": 59.98900966098881, "requested_rate": 41.9, "achieved_rate": 41.907676326166595}, "successes": {"count": 2514, "latency": {"request_latency": {"mean": 4.747991398361754, "min": 2.7792208320170175, "p0.1": 2.8163280248648372, "p1": 3.0720998888168833, "p5": 3.684317214439216, "p10": 3.9554650347912683, "p25": 4.230893450519943, "median": 4.859285683487542, "p75": 5.038625788016361, "p90": 5.636850561000756, "p95": 5.713002896938997, "p99": 6.0662636822034255, "p99.9": 6.121840123063012, "max": 6.129145793005591}, "normalized_time_per_output_token": {"mean": 0.05108519297107022, "min": 0.0, "p0.1": 0.0, "p1": 0.023741874472807116, "p5": 0.028588074720236778, "p10": 0.030761820718225863, "p25": 0.03294213362981867, "median": 0.03782514441855858, "p75": 0.04110484367845446, "p90": 0.04411216968912568, "p95": 0.04673032356357759, "p99": 0.43847524695964607, "p99.9": 2.3236391346584457, "max": 2.7804455805016914}, "time_per_output_token": null, "time_to_first_token": null, "inter_token_latency": null}, "throughput": {"input_tokens_per_sec": 5352.548532293525, "output_tokens_per_sec": 5027.304378688225, "total_tokens_per_sec": 10379.85291098175, "requests_per_sec": 40.05210884955776}, "prompt_len": {"mean": 133.63961813842482, "min": 130.0, "p0.1": 130.0, "p1": 130.0, "p5": 131.0, "p10": 131.0, "p25": 132.0, "median": 133.0, "p75": 135.0, "p90": 137.0, "p95": 138.0, "p99": 140.0, "p99.9": 142.48700000000008, "max": 148.0}, "output_len": {"mean": 125.51909307875896, "min": 0.0, "p0.1": 0.0, "p1": 7.0, "p5": 126.0, "p10": 128.0, "p25": 129.0, "median": 129.0, "p75": 129.0, "p90": 129.0, "p95": 129.0, "p99": 129.0, "p99.9": 130.0, "max": 132.0}}, "failures": {"count": 0, "request_latency": null, "prompt_len": null}}