{"load_summary": {"count": 3200, "schedule_delay": {"mean": 0.00030369696472916987, "min": -0.0013065761886537075, "p0.1": -0.001091870432952419, "p1": -0.0009023280476685614, "p5": -0.0005815868207719177, "p10": -0.00041499965591356157, "p25": -9.564749780111015e-05, "median": 0.00027455820236355066, "p75": 0.0006611928693018854, "p90": 0.001014272088650614, "p95": 0.0012684524932410552, "p99": 0.0020703976578079117, "p99.9": 0.0030940819844837157, "max": 0.003377718268893659}, "send_duration": 59.99810922308825, "requested_rate": 53.34, "achieved_rate": 53.33501407688674}, "successes": {"count": 3200, "latency": {"request_latency": {"mean": 1.1524524543449297, "min": 0.10282170597929507, "p0.1": 0.11016099274682346, "p1": 0.12439089725376107, "p5": 0.15479902393417433, "p10": 0.20661057751858608, "p25": 0.41168783523608, "median": 1.0715488275163807, "p75": 1.8300369515200146, "p90": 2.258717168495059, "p95": 2.3882464035705198, "p99": 2.5091090811649335, "p99.9": 2.587125320965891, "max": 2.6448811989976093}, "normalized_time_per_output_token": {"mean": 0.009992854830374992, "min": 0.008020632201345572, "p0.1": 0.00819875564321966, "p1": 0.008825482064438527, "p5": 0.009397291729272061, "p10": 0.009479420389526103, "p25": 0.009642661488867667, "median": 0.009877772288592927, "p75": 0.010212334722263666, "p90": 0.010691183633014098, "p95": 0.011091757549936354, "p99": 0.0118425085855415, "p99.9": 0.01334593719594971, "max": 0.015261435997672379}, "time_per_output_token": {"mean": 0.004705500114048088, "min": 0.0034207580001315192, "p0.1": 0.003604192479678929, "p1": 0.003947759410920774, "p5": 0.004228032419455568, "p10": 0.004376382913080325, "p25": 0.004602030370272668, "median": 0.004731108769456139, "p75": 0.004859658501398481, "p90": 0.00499115374338414, "p95": 0.00506615209125494, "p99": 0.005163675918779831, "p99.9": 0.005276237095542009, "max": 0.005359017123867359}, "time_to_first_token": {"mean": 0.03364369341867132, "min": 0.0229148919461295, "p0.1": 0.02342194377433043, "p1": 0.025178014013217762, "p5": 0.02701267500524409, "p10": 0.028280195547267795, "p25": 0.03049828254734166, "median": 0.033259560994338244, "p75": 0.036313835793407634, "p90": 0.03921067029004917, "p95": 0.0410625330870971, "p99": 0.04727630197652612, "p99.9": 0.06273127645219286, "max": 0.07777582702692598}, "inter_token_latency": {"mean": 0.004780138177474286, "min": 2.691056579351425e-06, "p0.1": 3.0709669226780532e-06, "p1": 7.5410353019833565e-06, "p5": 9.704031981527805e-06, "p10": 1.0820513125509024e-05, "p25": 1.4221994206309319e-05, "median": 4.248844925314188e-05, "p75": 0.009109649749007076, "p90": 0.010504162986762822, "p95": 0.01123489552992396, "p99": 0.014136619819328166, "p99.9": 0.019174752442632226, "max": 0.025048373034223914}}, "throughput": {"input_tokens_per_sec": 3784.006904720693, "output_tokens_per_sec": 6058.987714459397, "total_tokens_per_sec": 9842.99461918009, "requests_per_sec": 51.60441895743912}, "prompt_len": {"mean": 73.3271875, "min": 10.0, "p0.1": 10.0, "p1": 10.0, "p5": 11.0, "p10": 12.0, "p25": 17.0, "median": 38.0, "p75": 117.0, "p90": 198.0, "p95": 228.0, "p99": 252.0, "p99.9": 256.0, "max": 256.0}, "output_len": {"mean": 117.4121875, "min": 9.0, "p0.1": 11.0, "p1": 11.0, "p5": 14.0, "p10": 20.0, "p25": 40.75, "median": 110.0, "p75": 187.0, "p90": 233.0999999999999, "p95": 245.04999999999973, "p99": 255.0, "p99.9": 257.0, "max": 257.0}}, "failures": {"count": 0, "request_latency": null, "prompt_len": null}}