{"load_summary": {"count": 4967, "schedule_delay": {"mean": 19.430093906191836, "min": -0.0007441577326972038, "p0.1": -0.0005456191741977819, "p1": -4.1922913515008975e-05, "p5": 0.0006306699593551457, "p10": 0.002059953706339002, "p25": 7.260503253855859, "median": 18.473151973303175, "p75": 30.809702954196837, "p90": 38.42392112545203, "p95": 40.84096329892054, "p99": 43.096360592947455, "p99.9": 43.238073745084755, "max": 43.26603171922034}, "send_duration": 103.25527354501537, "requested_rate": 82.79, "achieved_rate": 48.1040805904657}, "successes": {"count": 4967, "latency": {"request_latency": {"mean": 9.285665372375073, "min": 4.387117220991058, "p0.1": 4.451769434105255, "p1": 4.778074219672708, "p5": 5.664199264592026, "p10": 8.189275394799187, "p25": 8.803211642007227, "median": 9.701755806978326, "p75": 10.13109778551734, "p90": 10.374516193609452, "p95": 10.401393900316908, "p99": 10.445971517174039, "p99.9": 10.481800580942714, "max": 10.505150833021617}, "normalized_time_per_output_token": {"mean": 0.0914147644687312, "min": 0.0, "p0.1": 0.0, "p1": 0.03652248519396067, "p5": 0.04396332994250569, "p10": 0.06365436090399194, "p25": 0.06864832776739413, "median": 0.07541048893788035, "p75": 0.07934305896862653, "p90": 0.08068345672403131, "p95": 0.08129220755416557, "p99": 0.5430222577132453, "p99.9": 4.174053637034106, "max": 4.866877430002205}, "time_per_output_token": null, "time_to_first_token": null, "inter_token_latency": null}, "throughput": {"input_tokens_per_sec": 5995.929336485883, "output_tokens_per_sec": 5642.3735201059835, "total_tokens_per_sec": 11638.302856591867, "requests_per_sec": 44.87776289793162}, "prompt_len": {"mean": 133.60579826857258, "min": 130.0, "p0.1": 130.0, "p1": 130.0, "p5": 131.0, "p10": 131.0, "p25": 132.0, "median": 133.0, "p75": 135.0, "p90": 137.0, "p95": 138.0, "p99": 140.0, "p99.9": 143.0, "max": 148.0}, "output_len": {"mean": 125.72760217435072, "min": 0.0, "p0.1": 0.0, "p1": 10.320000000000007, "p5": 126.0, "p10": 128.0, "p25": 129.0, "median": 129.0, "p75": 129.0, "p90": 129.0, "p95": 129.0, "p99": 129.0, "p99.9": 130.0, "max": 130.0}}, "failures": {"count": 0, "request_latency": null, "prompt_len": null}}