{"load_summary": {}, "successes": {"count": 29421, "rate": 91.941473, "prompt_len": {"mean": 6216, "rate": 12235.695076}, "output_len": {"mean": 5924, "rate": 11747.241074}, "queue_len": {"mean": 169}, "request_latency": {"mean": 8.828802, "median": 7.749045, "p90": 9.953525, "p99": 14.453953}, "time_to_first_token": {"mean": 3.790329, "median": 3.279168, "p90": 4.747207, "p99": 6.696683}, "time_per_output_token": {"mean": 0.039688, "median": 0.038667, "p90": 0.049604, "p99": 0.146702}, "kv_cache_usage_percentage": {"mean": 0.20987, "median": 0.217409, "p90": 0.292291, "p99": 0.300673}, "num_requests_swapped": {"mean": 0}, "num_preemptions_total": {"mean": 0}, "prefix_cache_hit_percent": {"mean": 49.99829383968022}}, "failures": {}}