{"load_summary": {"count": 60, "schedule_delay": {"mean": 0.00022017007189181943, "min": -0.0017325349617749453, "p0.1": -0.001717293833848089, "p1": -0.0015801236825063825, "p5": -0.0007865006278734654, "p10": -0.00047060786746442316, "p25": -0.00029181482386775315, "median": 0.0002360535436309874, "p75": 0.0007718340784776956, "p90": 0.0010800119023770093, "p95": 0.0012227776227518915, "p99": 0.0013861649844329796, "p99.9": 0.0015039968834025808, "max": 0.0015170893166214228}, "send_duration": 59.69114409701433, "requested_rate": 1.0, "achieved_rate": 1.0051742332578464}, "successes": {"count": 60, "latency": {"request_latency": {"mean": 0.7789999023894779, "min": 0.10123867599759251, "p0.1": 0.10125649612513371, "p1": 0.1014168772730045, "p5": 0.12093408144428394, "p10": 0.1303727338090539, "p25": 0.25554688574629836, "median": 0.7175684190588072, "p75": 1.1531332822924014, "p90": 1.5736262275371702, "p95": 1.7031751414469907, "p99": 1.8145448608719743, "p99.9": 1.8161423456755001, "max": 1.816319843987003}, "normalized_time_per_output_token": {"mean": 0.007638921760739867, "min": 0.0072209123935129856, "p0.1": 0.007221822270643262, "p1": 0.007230011164815749, "p5": 0.007253223977230741, "p10": 0.0072675388673661455, "p25": 0.007305964971033627, "median": 0.007428169428076999, "p75": 0.00777592795022342, "p90": 0.00828847177423692, "p95": 0.008642634494629289, "p99": 0.009256065740116538, "p99.9": 0.009288562832229242, "max": 0.009292173620241765}, "time_per_output_token": {"mean": 0.0034755776061187885, "min": 0.00313020980961266, "p0.1": 0.0031303847635347553, "p1": 0.0031319593488336127, "p5": 0.003204039788977415, "p10": 0.003266006427712415, "p25": 0.0034210563889815818, "median": 0.0035299925909327724, "p75": 0.0035672052413808436, "p90": 0.003586743005331023, "p95": 0.0035942735164639556, "p99": 0.0036099145390967305, "p99.9": 0.0036127132724581, "max": 0.0036130242428315854}, "time_to_first_token": {"mean": 0.03374192205956206, "min": 0.02573622902855277, "p0.1": 0.02581018163403496, "p1": 0.02647575508337468, "p5": 0.028163401247002184, "p10": 0.028814936394337565, "p25": 0.030375817528693005, "median": 0.03384448657743633, "p75": 0.03599728099652566, "p90": 0.039538850460667165, "p95": 0.040770210209302604, "p99": 0.04361501821316778, "p99.9": 0.045011104371864376, "max": 0.04516622505616397}, "inter_token_latency": {"mean": 0.0035471244259699564, "min": 2.7529895305633545e-06, "p0.1": 2.987175015732646e-06, "p1": 8.924886351451278e-06, "p5": 9.476486593484878e-06, "p10": 9.772961493581534e-06, "p25": 1.0590068995952606e-05, "median": 3.373099025338888e-05, "p75": 0.007163151778513566, "p90": 0.007224483136087656, "p95": 0.0072718379611615095, "p99": 0.00742776966188103, "p99.9": 0.009219536222051872, "max": 0.010901897097937763}}, "throughput": {"input_tokens_per_sec": 74.21656203032398, "output_tokens_per_sec": 104.42481570369874, "total_tokens_per_sec": 178.64137773402274, "requests_per_sec": 0.9904345466680248}, "prompt_len": {"mean": 74.93333333333334, "min": 10.0, "p0.1": 10.0, "p1": 10.0, "p5": 10.95, "p10": 13.0, "p25": 18.0, "median": 41.0, "p75": 136.25, "p90": 188.20000000000005, "p95": 245.29999999999998, "p99": 254.82, "p99.9": 255.882, "max": 256.0}, "output_len": {"mean": 105.43333333333334, "min": 11.0, "p0.1": 11.059, "p1": 11.59, "p5": 13.95, "p10": 15.9, "p25": 33.0, "median": 96.0, "p75": 156.5, "p90": 215.20000000000002, "p95": 232.74999999999994, "p99": 250.41, "p99.9": 250.941, "max": 251.0}}, "failures": {"count": 0, "request_latency": null, "prompt_len": null}}