{"load_summary": {"count": 60, "schedule_delay": {"mean": 0.0007710641337325796, "min": -0.00041660270653665066, "p0.1": -0.0004139611468708608, "p1": -0.0003901871098787524, "p5": -1.4045763236936177e-05, "p10": 7.167404692154378e-05, "p25": 0.0004198121896479279, "median": 0.0007906996179372072, "p75": 0.001076630811439827, "p90": 0.0013695593457669023, "p95": 0.0016193162169656713, "p99": 0.0018423795700073234, "p99.9": 0.001965196663513782, "max": 0.001978843007236719}, "send_duration": 59.17864329001168, "requested_rate": 1.0, "achieved_rate": 1.0138792757712132}, "successes": {"count": 60, "latency": {"request_latency": {"mean": 1.9595914117007245, "min": 1.9333438180037774, "p0.1": 1.933346662512282, "p1": 1.9333722630888224, "p5": 1.9393548922555055, "p10": 1.9460260051069782, "p25": 1.9518169237562688, "median": 1.9606433369917795, "p75": 1.9665761475043837, "p90": 1.9736978884902783, "p95": 1.9752430709660984, "p99": 1.984901915534865, "p99.9": 1.989549649151508, "max": 1.9900660639978014}, "normalized_time_per_output_token": {"mean": 0.02606633441483923, "min": 0.014987161379874244, "p0.1": 0.014989055527305338, "p1": 0.015006102854185178, "p5": 0.015043058763925967, "p10": 0.015097944462078971, "p25": 0.015150513548368784, "median": 0.015214480405997299, "p75": 0.015295469416600973, "p90": 0.015402936390546528, "p95": 0.01556633204110521, "p99": 0.28400270768232666, "p99.9": 0.6176069511646943, "max": 0.6546740893293949}, "time_per_output_token": null, "time_to_first_token": null, "inter_token_latency": null}, "throughput": {"input_tokens_per_sec": 131.0456043297573, "output_tokens_per_sec": 123.42077580963408, "total_tokens_per_sec": 254.4663801393914, "requests_per_sec": 0.9817375776982692}, "prompt_len": {"mean": 133.48333333333332, "min": 131.0, "p0.1": 131.0, "p1": 131.0, "p5": 131.0, "p10": 131.0, "p25": 132.0, "median": 133.0, "p75": 134.25, "p90": 136.0, "p95": 137.0, "p99": 138.82, "p99.9": 139.882, "max": 140.0}, "output_len": {"mean": 125.71666666666667, "min": 3.0, "p0.1": 7.248, "p1": 45.48, "p5": 125.95, "p10": 128.0, "p25": 129.0, "median": 129.0, "p75": 129.0, "p90": 129.0, "p95": 129.0, "p99": 129.0, "p99.9": 129.0, "max": 129.0}}, "failures": {"count": 0, "request_latency": null, "prompt_len": null}}