{"load_summary": {"count": 51946, "schedule_delay": {"mean": 74.59597959551466, "min": -0.0014643214526586235, "p0.1": -0.0006865502808068413, "p1": -0.00010967100242851301, "p5": 0.0006630604693782516, "p10": 2.148531572340289, "p25": 22.294331717523164, "median": 62.30431755364407, "p75": 118.19284571644675, "p90": 169.05521090776892, "p95": 190.3252219532369, "p99": 223.8892345083339, "p99.9": 232.19120434257655, "max": 235.97682241129223}}, "successes": {"count": 51946, "latency": {"request_latency": {"mean": 8.757290563819424, "min": 1.9333438180037774, "p0.1": 1.972646823880641, "p1": 4.092664299505122, "p5": 5.283652103244094, "p10": 6.196396378989448, "p25": 6.979651168250712, "median": 9.883681311504915, "p75": 9.980499473254895, "p90": 10.07330150550115, "p95": 10.311728085267532, "p99": 10.489830920664827, "p99.9": 10.708461655291176, "max": 10.766246290004347}, "normalized_time_per_output_token": {"mean": 0.08968744771264456, "min": 0.0, "p0.1": 0.0, "p1": 0.03138859393993346, "p5": 0.04118456830045654, "p10": 0.04813491539147957, "p25": 0.05441113866078637, "median": 0.07675321263174505, "p75": 0.07762891981973405, "p90": 0.07913525824632499, "p95": 0.08103208515160003, "p99": 0.6714022235927567, "p99.9": 3.7054959194830026, "max": 5.174896836993867}, "time_per_output_token": null, "time_to_first_token": null, "inter_token_latency": null}, "throughput": {"input_tokens_per_sec": 5548.331638641435, "output_tokens_per_sec": 5224.199183764936, "total_tokens_per_sec": 10772.53082240637, "requests_per_sec": 41.525291452241326}, "prompt_len": {"mean": 133.61330997574404, "min": 129.0, "p0.1": 130.0, "p1": 130.0, "p5": 131.0, "p10": 131.0, "p25": 132.0, "median": 133.0, "p75": 135.0, "p90": 137.0, "p95": 138.0, "p99": 140.0, "p99.9": 143.0, "max": 151.0}, "output_len": {"mean": 125.80764640203289, "min": 0.0, "p0.1": 0.0, "p1": 9.0, "p5": 126.0, "p10": 128.0, "p25": 129.0, "median": 129.0, "p75": 129.0, "p90": 129.0, "p95": 129.0, "p99": 129.0, "p99.9": 130.0, "max": 143.0}}, "failures": {"count": 0, "request_latency": null, "prompt_len": null}}