{"load_summary": {"count": 71112, "schedule_delay": {"mean": 121.8424315282002, "min": -0.0012846965692006052, "p0.1": -0.0008018148340051993, "p1": -0.00021929165348410606, "p5": 1.699126222735508, "p10": 9.416656644712203, "p25": 40.82889561774209, "median": 103.88332732886192, "p75": 188.6297474733292, "p90": 265.95675417009625, "p95": 302.1015745498822, "p99": 354.4522723185812, "p99.9": 368.2495799723697, "max": 368.51584619196365}}, "successes": {"count": 71112, "latency": {"request_latency": {"mean": 9.443643606922455, "min": 1.8119267610018142, "p0.1": 3.7895515457279396, "p1": 5.54686984606029, "p5": 6.512324743162026, "p10": 6.601720694894903, "p25": 6.986301649259985, "median": 10.535543656995287, "p75": 10.581534251978155, "p90": 10.649612295196857, "p95": 10.749425024137599, "p99": 11.054580323842819, "p99.9": 11.208576046847922, "max": 11.319567880011164}, "normalized_time_per_output_token": {"mean": 0.076640456900344, "min": 0.0, "p0.1": 0.01435115283042826, "p1": 0.04287762774927938, "p5": 0.050493063195450626, "p10": 0.051195873750388164, "p25": 0.05424782662998069, "median": 0.08168904716284339, "p75": 0.08207752987214043, "p90": 0.08278350772177295, "p95": 0.08404419808074239, "p99": 0.08625266924183764, "p99.9": 1.331740919433423, "max": 5.333065982500557}, "time_per_output_token": {"mean": 0.0210929165547712, "min": 0.0068830821361004985, "p0.1": 0.008706737825765224, "p1": 0.017379079965959714, "p5": 0.02066335031927603, "p10": 0.02070785492931761, "p25": 0.02077601168584169, "median": 0.020856986204293604, "p75": 0.021182373221857193, "p90": 0.02232631573030917, "p95": 0.022581915781506635, "p99": 0.02422510801548825, "p99.9": 0.02450820767433009, "max": 0.024704983490310854}, "time_to_first_token": {"mean": 4.021670062366787, "min": 0.03484027599915862, "p0.1": 0.05012410670123063, "p1": 0.14240479078434873, "p5": 1.172559157042997, "p10": 1.2406406801892444, "p25": 1.525073795724893, "median": 5.162898494512774, "p75": 5.209496505995048, "p90": 5.226799361308804, "p95": 5.242250048511778, "p99": 5.346414362285868, "p99.9": 5.3756161558231135, "max": 5.485652761999518}, "inter_token_latency": {"mean": 0.0210929165547712, "min": 1.8299906514585018e-06, "p0.1": 3.02301486954093e-06, "p1": 7.494003511965275e-06, "p5": 9.408977348357439e-06, "p10": 1.0319985449314117e-05, "p25": 1.30099942907691e-05, "median": 4.1414517909288406e-05, "p75": 0.03343777825648431, "p90": 0.03480751710012556, "p95": 0.0649508729664375, "p99": 0.1459973705752054, "p99.9": 0.14933516399073415, "max": 0.2343544999603182}}, "throughput": {"input_tokens_per_sec": 5641.3702583530685, "output_tokens_per_sec": 5330.581041251966, "total_tokens_per_sec": 10971.951299605034, "requests_per_sec": 41.49286538893592}, "prompt_len": {"mean": 135.96000674991564, "min": 130.0, "p0.1": 130.0, "p1": 131.0, "p5": 132.0, "p10": 133.0, "p25": 134.0, "median": 136.0, "p75": 138.0, "p90": 140.0, "p95": 141.0, "p99": 144.0, "p99.9": 146.0, "max": 156.0}, "output_len": {"mean": 128.46982225222186, "min": 0.0, "p0.1": 3.0, "p1": 125.0, "p5": 128.0, "p10": 129.0, "p25": 129.0, "median": 129.0, "p75": 129.0, "p90": 129.0, "p95": 129.0, "p99": 129.0, "p99.9": 130.0, "max": 252.0}}, "failures": {"count": 0, "request_latency": null, "prompt_len": null}}