{"load_summary": {}, "successes": {"count": 107807, "rate": 81.058542, "prompt_len": {"mean": 1680, "rate": 10826.738308}, "output_len": {"mean": 1602, "rate": 10375.347248}, "queue_len": {"mean": 140}, "request_latency": {"mean": 8.709445, "median": 7.818005, "p90": 11.500649, "p99": 14.650065}, "time_to_first_token": {"mean": 3.577821, "median": 3.205443, "p90": 4.694471, "p99": 6.105326}, "time_per_output_token": {"mean": 0.040399, "median": 0.039626, "p90": 0.070062, "p99": 0.139775}, "kv_cache_usage_percentage": {"mean": 0.182754, "median": 0.206001, "p90": 0.280028, "p99": 0.302705}, "num_requests_swapped": {"mean": 0}, "num_preemptions_total": {"mean": 0}, "prefix_cache_hit_percent": {"mean": 50.053272586716815}}, "failures": {}}