{"load_summary": {"count": 22399, "schedule_delay": {"mean": 0.9808818464966986, "min": -0.0017325349617749453, "p0.1": -0.0011150422797072679, "p1": -0.0008659676485694945, "p5": -0.0005540084093809128, "p10": -0.0003557022660970688, "p25": -9.581854101270437e-06, "median": 0.0004595438949763775, "p75": 0.0013508702395483851, "p90": 4.694837956433185, "p95": 7.563666326575902, "p99": 9.277995396435728, "p99.9": 9.524897577587051, "max": 9.594018728937954}}, "successes": {"count": 22399, "latency": {"request_latency": {"mean": 2.3764134413463904, "min": 0.09498084697406739, "p0.1": 0.10628921640478074, "p1": 0.13152686455054208, "p5": 0.20686094642151148, "p10": 0.31757027821149675, "p25": 0.88723743398441, "median": 1.943266446935013, "p75": 3.7338058735476807, "p90": 5.203568532620557, "p95": 6.087401862442492, "p99": 6.733492170607206, "p99.9": 6.988304568315397, "max": 7.289143919013441}, "normalized_time_per_output_token": {"mean": 0.03175350741633028, "min": 0.0072209123935129856, "p0.1": 0.007362939955033529, "p1": 0.007984863171110423, "p5": 0.008522341942242086, "p10": 0.008983316103210497, "p25": 0.010124228148115134, "median": 0.012838575974082908, "p75": 0.029832922386636256, "p90": 0.06899004214792816, "p95": 0.12912635744436973, "p99": 0.2732469119063712, "p99.9": 0.345283850982489, "max": 0.36582896463699976}, "time_per_output_token": {"mean": 0.005503964985194989, "min": 0.00313020980961266, "p0.1": 0.0033667876194935008, "p1": 0.003699613410146336, "p5": 0.00396570842956905, "p10": 0.004251644459086709, "p25": 0.004776084838983145, "median": 0.005701571854380424, "p75": 0.006274372280349611, "p90": 0.0064065065416458065, "p95": 0.00646296841846258, "p99": 0.006566827818450757, "p99.9": 0.006777646401548607, "max": 0.007232628819165808}, "time_to_first_token": {"mean": 1.067956821203101, "min": 0.0205615209415555, "p0.1": 0.023182699826546013, "p1": 0.02542666650842875, "p5": 0.02804826704086736, "p10": 0.029826031997799873, "p25": 0.033629018522333354, "median": 0.04597286495845765, "p75": 1.7544293984537944, "p90": 3.6363778350176292, "p95": 3.717984208103735, "p99": 3.896780407333281, "p99.9": 4.00604200075893, "max": 4.045706143951975}, "inter_token_latency": {"mean": 0.005587899786085794, "min": 1.718057319521904e-06, "p0.1": 3.049965016543865e-06, "p1": 7.709022611379623e-06, "p5": 9.946059435606003e-06, "p10": 1.1128955520689487e-05, "p25": 1.4959950931370258e-05, "median": 4.470790736377239e-05, "p75": 0.010898192471358925, "p90": 0.01271734107285738, "p95": 0.015040350961498916, "p99": 0.01811366803012793, "p99.9": 0.02471069214050669, "max": 0.13058540201745927}}, "throughput": {"input_tokens_per_sec": 3048.2764937611732, "output_tokens_per_sec": 4820.838276711185, "total_tokens_per_sec": 7869.114770472358, "requests_per_sec": 41.02040747670709}, "prompt_len": {"mean": 74.31121925085941, "min": 10.0, "p0.1": 10.0, "p1": 10.0, "p5": 11.0, "p10": 12.0, "p25": 17.0, "median": 38.0, "p75": 118.0, "p90": 205.0, "p95": 231.0, "p99": 252.0, "p99.9": 256.0, "max": 256.0}, "output_len": {"mean": 117.52292513058619, "min": 9.0, "p0.1": 11.0, "p1": 11.0, "p5": 14.0, "p10": 19.0, "p25": 40.0, "median": 110.0, "p75": 189.0, "p90": 232.0, "p95": 244.0, "p99": 255.0, "p99.9": 257.0, "max": 257.0}}, "failures": {"count": 0, "request_latency": null, "prompt_len": null}}