{"load_summary": {}, "successes": {"count": 655, "rate": 7.451933, "prompt_len": {"mean": 1647, "rate": 1634.737733}, "output_len": {"mean": 1143, "rate": 1558.727568}, "queue_len": {"mean": 0}, "request_latency": {"mean": 5.020019, "median": 3.871681, "p90": 12.493151, "p99": 18.868966}, "time_to_first_token": {"mean": 0.051705, "median": 0.0475, "p90": 0.085833, "p99": 0.2095}, "time_per_output_token": {"mean": 0.023901, "median": 0.019038, "p90": 0.039032, "p99": 0.072894}, "kv_cache_usage_percentage": {"mean": 0.106905, "median": 0.131772, "p90": 0.158046, "p99": 0.172303}, "num_requests_swapped": {"mean": 0}, "num_preemptions_total": {"mean": 0}, "prefix_cache_hit_percent": {"mean": 0.12702898069264104}}, "failures": {}}