{"load_summary": {"count": 960, "schedule_delay": {"mean": 0.0005555855787558055, "min": -0.0008913484052754939, "p10": -0.0002414764312561601, "median": 0.00043983981595374644, "p90": 0.001331829041009769, "max": 0.005050574312917888}, "send_duration": 59.99244725698372, "requested_rate": 16.0, "achieved_rate": 16.00201431836482}, "successes": {"count": 960, "latency": {"request_latency": {"mean": 7.630229180409212, "min": 0.27591411699540913, "p10": 0.6471632888074964, "median": 5.43774773250334, "p90": 18.064919280115284, "max": 35.84378891100641}, "normalized_time_per_output_token": {"mean": 0.03988103827672818, "min": 0.01983481162756492, "p10": 0.027436613731444983, "median": 0.03841728906105465, "p90": 0.05085488569789269, "max": 0.342326456097676}, "time_per_output_token": {"mean": 0.017526660112161186, "min": 0.007655365851759497, "p10": 0.0128648615040511, "median": 0.01754722771012656, "p90": 0.02218947651016344, "max": 0.026944378780646493}, "time_to_first_token": {"mean": 0.09745808245988882, "min": 0.03849057003390044, "p10": 0.061440572014544156, "median": 0.08929768897360191, "p90": 0.14519051388488152, "max": 0.2694468859699555}, "inter_token_latency": {"mean": 0.017587650451575208, "min": 1.8200371414422989e-06, "p10": 1.6370031516999006e-05, "median": 0.0001673795050010085, "p90": 0.04293608408188448, "max": 0.14847131801070645}}, "throughput": {"input_tokens_per_sec": 2763.0938968935975, "output_tokens_per_sec": 2673.728455531701, "total_tokens_per_sec": 5436.822352425298, "requests_per_sec": 12.674076482112723}, "prompt_len": {"mean": 218.01145833333334, "min": 10.0, "p10": 14.0, "median": 113.0, "p90": 585.4000000000001, "max": 992.0}, "output_len": {"mean": 210.96041666666667, "min": 5.0, "p10": 15.0, "median": 148.0, "p90": 489.5000000000001, "max": 972.0}}, "failures": {"count": 0, "request_latency": null, "prompt_len": null}}