{"load_summary": {"count": 1860, "schedule_delay": {"mean": 8.37386019068976, "min": -0.0010597475338727236, "p10": 9.34043491724879e-05, "median": 3.928044574218802, "p90": 23.807948145159756, "max": 29.371610464528203}, "send_duration": 89.36270153900841, "requested_rate": 31.0, "achieved_rate": 20.814052932230084}, "successes": {"count": 1860, "latency": {"request_latency": {"mean": 21.299629711832786, "min": 0.2689072859939188, "p10": 4.9186358939798085, "median": 17.95257624000078, "p90": 40.01802077702596, "max": 65.69884691899642}, "normalized_time_per_output_token": {"mean": 0.2347177273266893, "min": 0.023783321399241684, "p10": 0.059949544057119136, "median": 0.10385411561602681, "p90": 0.6611235840985321, "max": 2.053694602829637}, "time_per_output_token": {"mean": 0.031117005638518207, "min": 0.008169103839900344, "p10": 0.022921002018528615, "median": 0.03293794758619342, "p90": 0.03578953573554434, "max": 0.049523764128436246}, "time_to_first_token": {"mean": 7.561566536723147, "min": 0.040669899026397616, "p10": 0.11419667707523332, "median": 10.59927058647736, "p90": 11.607995174068492, "max": 12.528931694978382}, "inter_token_latency": {"mean": 0.03114591580255187, "min": 1.8400023691356182e-06, "p10": 1.575000351294875e-05, "median": 0.00018932000966742635, "p90": 0.08777449940098454, "max": 0.17071112798294052}}, "throughput": {"input_tokens_per_sec": 3379.8226669822657, "output_tokens_per_sec": 3463.5472657312434, "total_tokens_per_sec": 6843.369932713509, "requests_per_sec": 15.876007102976754}, "prompt_len": {"mean": 212.88870967741934, "min": 10.0, "p10": 14.0, "median": 101.5, "p90": 577.0, "max": 1005.0}, "output_len": {"mean": 218.16236559139784, "min": 5.0, "p10": 14.0, "median": 174.5, "p90": 512.1000000000001, "max": 981.0}}, "failures": {"count": 0, "request_latency": null, "prompt_len": null}}