{"load_summary": {}, "successes": {"count": 977, "rate": 10.289298, "prompt_len": {"mean": 1862, "rate": 2233.728526}, "output_len": {"mean": 1825, "rate": 2192.416175}, "queue_len": {"mean": 0}, "request_latency": {"mean": 7.523168, "median": 5.305851, "p90": 18.032051, "p99": 29.867241}, "time_to_first_token": {"mean": 0.075206, "median": 0.06814, "p90": 0.173396, "p99": 0.243783}, "time_per_output_token": {"mean": 0.035428, "median": 0.035485, "p90": 0.06388, "p99": 0.099335}, "kv_cache_usage_percentage": {"mean": 0.163189, "median": 0.189567, "p90": 0.316916, "p99": 0.317459}, "num_requests_swapped": {"mean": 0}, "num_preemptions_total": {"mean": 0}, "prefix_cache_hit_percent": {"mean": 0.6855980111268363}}, "failures": {}}