{
  "benchmark_time_seconds": 8.868253270164132,
  "load_summary": {
    "count": 10,
    "schedule_delay": {
      "mean": 0.0030641332268714905,
      "min": 0.0006774966605007648,
      "max": 0.008156147319823503,
      "p0.1": 0.0006809586128219962,
      "p1": 0.0007121161837130785,
      "p5": 0.0008505942765623331,
      "p10": 0.0010236918926239014,
      "p25": 0.001970410463400185,
      "median": 0.0023419372737407684,
      "p75": 0.0036914797965437174,
      "p90": 0.005402561789378523,
      "p95": 0.0067793545546010105,
      "p99": 0.007880788766779006,
      "p99.9": 0.008128611464519058
    },
    "send_duration": 8.470005107112229,
    "requested_rate": 1.0,
    "achieved_rate": 1.1806368323914045
  },
  "successes": {
    "count": 10,
    "latency": {
      "request_latency": {
        "mean": 0.4357368662022054,
        "min": 0.386624775826931,
        "max": 0.6306286342442036,
        "p0.1": 0.3866268572756089,
        "p1": 0.38664559031371026,
        "p5": 0.3867288482608274,
        "p10": 0.38683292069472375,
        "p25": 0.3877457862254232,
        "median": 0.39232933754101396,
        "p75": 0.39868178754113615,
        "p90": 0.5984293105546384,
        "p95": 0.614528972399421,
        "p99": 0.6274087018752471,
        "p99.9": 0.6303066410073079
      },
      "normalized_time_per_output_token": {
        "mean": 0.008764894334143621,
        "min": 0.00773249551653862,
        "max": 0.012612572684884072,
        "p0.1": 0.007732537145512178,
        "p1": 0.007732911806274206,
        "p5": 0.007734576965216547,
        "p10": 0.007736658413894475,
        "p25": 0.007754915724508465,
        "median": 0.007900102590210735,
        "p75": 0.008263757907626951,
        "p90": 0.01196858621109277,
        "p95": 0.01229057944798842,
        "p99": 0.012548174037504942,
        "p99.9": 0.01260613282014616
      },
      "time_per_output_token": {
        "mean": 0.007340600435703021,
        "min": 0.007245309688911146,
        "max": 0.007712502508302746,
        "p0.1": 0.00724537058283898,
        "p1": 0.0072459186281894844,
        "p5": 0.007248354385302839,
        "p10": 0.007251399081694533,
        "p25": 0.007255052392161926,
        "median": 0.007275190109349027,
        "p75": 0.0073750945193008805,
        "p90": 0.007418100740252345,
        "p95": 0.007565301624277545,
        "p99": 0.007683062331497706,
        "p99.9": 0.0077095584906222425
      },
      "time_to_first_token": {
        "mean": 0.07460993039421737,
        "min": 0.027088495902717113,
        "max": 0.2683635763823986,
        "p0.1": 0.02709283870924264,
        "p1": 0.0271319239679724,
        "p5": 0.027305636228993534,
        "p10": 0.027522776555269957,
        "p25": 0.028875288902781904,
        "median": 0.02997520798817277,
        "p75": 0.03474901372101158,
        "p90": 0.23878282629884778,
        "p95": 0.25357320134062317,
        "p99": 0.2654055013740435,
        "p99.9": 0.26806776888156314
      },
      "inter_token_latency": {
        "mean": 0.007323271938462238,
        "min": 0.005866993218660355,
        "max": 0.0150528852827847,
        "p0.1": 0.0059142685225233435,
        "p1": 0.006350072561763227,
        "p5": 0.0070579374674707655,
        "p10": 0.007107889140024781,
        "p25": 0.007194359437562525,
        "median": 0.007288917899131775,
        "p75": 0.007425965159200132,
        "p90": 0.007566112140193581,
        "p95": 0.007677788333967327,
        "p99": 0.008001912180334329,
        "p99.9": 0.011932124246843374
      }
    },
    "throughput": {
      "input_tokens_per_sec": 168.1278099055018,
      "output_tokens_per_sec": 56.042603301833935,
      "total_tokens_per_sec": 224.17041320733574,
      "requests_per_sec": 1.127617772672715,
      "images_per_sec": 1.127617772672715,
      "videos_per_sec": 0.0,
      "audios_per_sec": 0.0
    },
    "request_size_bytes": {
      "mean": 41765.3,
      "min": 41609.0,
      "max": 41921.0,
      "p0.1": 41609.279,
      "p1": 41611.79,
      "p5": 41622.95,
      "p10": 41636.9,
      "p25": 41673.0,
      "median": 41757.5,
      "p75": 41848.75,
      "p90": 41921.0,
      "p95": 41921.0,
      "p99": 41921.0,
      "p99.9": 41921.0
    },
    "prompt_len": {
      "mean": 149.1,
      "min": 147.0,
      "max": 151.0,
      "p0.1": 147.009,
      "p1": 147.09,
      "p5": 147.45,
      "p10": 147.9,
      "p25": 149.0,
      "median": 149.0,
      "p75": 149.75,
      "p90": 150.1,
      "p95": 150.55,
      "p99": 150.91,
      "p99.9": 150.991
    },
    "image": {
      "count": {
        "mean": 1.0,
        "min": 1.0,
        "max": 1.0,
        "p0.1": 1.0,
        "p1": 1.0,
        "p5": 1.0,
        "p10": 1.0,
        "p25": 1.0,
        "median": 1.0,
        "p75": 1.0,
        "p90": 1.0,
        "p95": 1.0,
        "p99": 1.0,
        "p99.9": 1.0
      },
      "pixels": {
        "mean": 2073600.0,
        "min": 2073600.0,
        "max": 2073600.0,
        "p0.1": 2073600.0,
        "p1": 2073600.0,
        "p5": 2073600.0,
        "p10": 2073600.0,
        "p25": 2073600.0,
        "median": 2073600.0,
        "p75": 2073600.0,
        "p90": 2073600.0,
        "p95": 2073600.0,
        "p99": 2073600.0,
        "p99.9": 2073600.0
      },
      "bytes": {
        "mean": 30121.5,
        "min": 30121.0,
        "max": 30122.0,
        "p0.1": 30121.0,
        "p1": 30121.0,
        "p5": 30121.0,
        "p10": 30121.0,
        "p25": 30121.0,
        "median": 30121.5,
        "p75": 30122.0,
        "p90": 30122.0,
        "p95": 30122.0,
        "p99": 30122.0,
        "p99.9": 30122.0
      },
      "aspect_ratio": {
        "mean": 1.777777777777778,
        "min": 1.7777777777777777,
        "max": 1.7777777777777777,
        "p0.1": 1.7777777777777777,
        "p1": 1.7777777777777777,
        "p5": 1.7777777777777777,
        "p10": 1.7777777777777777,
        "p25": 1.7777777777777777,
        "median": 1.7777777777777777,
        "p75": 1.7777777777777777,
        "p90": 1.7777777777777777,
        "p95": 1.7777777777777777,
        "p99": 1.7777777777777777,
        "p99.9": 1.7777777777777777
      }
    },
    "video": {
      "count": {
        "mean": 0.0,
        "min": 0.0,
        "max": 0.0,
        "p0.1": 0.0,
        "p1": 0.0,
        "p5": 0.0,
        "p10": 0.0,
        "p25": 0.0,
        "median": 0.0,
        "p75": 0.0,
        "p90": 0.0,
        "p95": 0.0,
        "p99": 0.0,
        "p99.9": 0.0
      },
      "frames": null,
      "pixels": null,
      "bytes": null,
      "aspect_ratio": null
    },
    "audio": {
      "count": {
        "mean": 0.0,
        "min": 0.0,
        "max": 0.0,
        "p0.1": 0.0,
        "p1": 0.0,
        "p5": 0.0,
        "p10": 0.0,
        "p25": 0.0,
        "median": 0.0,
        "p75": 0.0,
        "p90": 0.0,
        "p95": 0.0,
        "p99": 0.0,
        "p99.9": 0.0
      },
      "seconds": null,
      "bytes": null
    },
    "output_len": {
      "mean": 49.7,
      "min": 47.0,
      "max": 50.0,
      "p0.1": 47.027,
      "p1": 47.27,
      "p5": 48.35,
      "p10": 49.7,
      "p25": 50.0,
      "median": 50.0,
      "p75": 50.0,
      "p90": 50.0,
      "p95": 50.0,
      "p99": 50.0,
      "p99.9": 50.0
    },
    "token_count_mismatches": 0
  },
  "failures": {
    "count": 0,
    "request_latency": null,
    "prompt_len": null
  }
