{
  "benchmark_time_seconds": 13.349226215854287,
  "load_summary": {
    "count": 10,
    "schedule_delay": {
      "mean": 0.003873629868030548,
      "min": 0.0026920042000710964,
      "max": 0.005474184174090624,
      "p0.1": 0.0026973544862121343,
      "p1": 0.0027455070614814756,
      "p5": 0.0029595185071229933,
      "p10": 0.0032270328141748906,
      "p25": 0.003767597721889615,
      "median": 0.003912720829248428,
      "p75": 0.003942389972507954,
      "p90": 0.004126424435526132,
      "p95": 0.0048003043048083765,
      "p99": 0.005339408200234175,
      "p99.9": 0.005460706576704981
    },
    "send_duration": 7.842464295681566,
    "requested_rate": 1.0,
    "achieved_rate": 1.2751094073206652
  },
  "successes": {
    "count": 10,
    "latency": {
      "request_latency": {
        "mean": 8.962057589227333,
        "min": 4.472631200682372,
        "max": 12.474490670021623,
        "p0.1": 4.481938377157785,
        "p1": 4.565702965436503,
        "p5": 4.937990024453029,
        "p10": 5.403348848223686,
        "p25": 7.716315940255299,
        "median": 9.357545978855342,
        "p75": 10.75902943930123,
        "p90": 11.828748039156197,
        "p95": 12.15161935458891,
        "p99": 12.40991640693508,
        "p99.9": 12.46803324371297
      },
      "normalized_time_per_output_token": {
        "mean": 0.17924115178454667,
        "min": 0.08945262401364744,
        "max": 0.24948981340043247,
        "p0.1": 0.0896387675431557,
        "p1": 0.09131405930873007,
        "p5": 0.09875980048906058,
        "p10": 0.10806697696447372,
        "p25": 0.15432631880510597,
        "median": 0.18715091957710683,
        "p75": 0.21518058878602458,
        "p90": 0.23657496078312396,
        "p95": 0.2430323870917782,
        "p99": 0.24819832813870163,
        "p99.9": 0.2493606648742594
      },
      "time_per_output_token": {
        "mean": 0.08325345967040987,
        "min": 0.009791645487504346,
        "max": 0.16141425656648922,
        "p0.1": 0.009855092838549111,
        "p1": 0.010426118997952007,
        "p5": 0.012964013039742654,
        "p10": 0.01613638059198096,
        "p25": 0.016981787955844586,
        "median": 0.07282351060504359,
        "p75": 0.156347221583223,
        "p90": 0.16090754167062746,
        "p95": 0.16116089911855833,
        "p99": 0.16136358507690304,
        "p99.9": 0.1614091894175306
      },
      "time_to_first_token": {
        "mean": 4.879749285615981,
        "min": 1.6947069349698722,
        "max": 8.270855395123363,
        "p0.1": 1.7079980703438633,
        "p1": 1.827618288709782,
        "p5": 2.3592637036694213,
        "p10": 3.0238204723689703,
        "p25": 3.644511709921062,
        "median": 4.325803668005392,
        "p75": 6.40247578790877,
        "p90": 7.479856477351859,
        "p95": 7.87535593623761,
        "p99": 8.191755503346211,
        "p99.9": 8.262945405945649
      },
      "inter_token_latency": {
        "mean": 0.08325345967040987,
        "min": 1.2313947081565857e-05,
        "max": 5.461948699783534,
        "p0.1": 1.2341272085905075e-05,
        "p1": 1.3179727829992771e-05,
        "p5": 0.002903750608675182,
        "p10": 0.008770339703187347,
        "p25": 0.017285105073824525,
        "median": 0.0176436435431242,
        "p75": 0.018060649977996945,
        "p90": 0.018540337076410653,
        "p95": 0.026161869522184127,
        "p99": 2.04238360534893,
        "p99.9": 5.461878840905149
      }
    },
    "throughput": {
      "input_tokens_per_sec": 111.46713494395414,
      "output_tokens_per_sec": 37.45535448385556,
      "total_tokens_per_sec": 148.9224894278097,
      "requests_per_sec": 0.7491070896771111,
      "images_per_sec": 0.7491070896771111,
      "videos_per_sec": 0.7491070896771111,
      "audios_per_sec": 0.0
    },
    "request_size_bytes": {
      "mean": 630784.5,
      "min": 629668.0,
      "max": 631870.0,
      "p0.1": 629668.099,
      "p1": 629668.99,
      "p5": 629672.95,
      "p10": 629677.9,
      "p25": 629736.5,
      "median": 630802.0,
      "p75": 631837.0,
      "p90": 631857.4,
      "p95": 631863.7,
      "p99": 631868.74,
      "p99.9": 631869.874
    },
    "prompt_len": {
      "mean": 148.8,
      "min": 148.0,
      "max": 149.0,
      "p0.1": 148.0,
      "p1": 148.0,
      "p5": 148.0,
      "p10": 148.0,
      "p25": 149.0,
      "median": 149.0,
      "p75": 149.0,
      "p90": 149.0,
      "p95": 149.0,
      "p99": 149.0,
      "p99.9": 149.0
    },
    "image": {
      "count": {
        "mean": 1.0,
        "min": 1.0,
        "max": 1.0,
        "p0.1": 1.0,
        "p1": 1.0,
        "p5": 1.0,
        "p10": 1.0,
        "p25": 1.0,
        "median": 1.0,
        "p75": 1.0,
        "p90": 1.0,
        "p95": 1.0,
        "p99": 1.0,
        "p99.9": 1.0
      },
      "pixels": {
        "mean": 2073600.0,
        "min": 2073600.0,
        "max": 2073600.0,
        "p0.1": 2073600.0,
        "p1": 2073600.0,
        "p5": 2073600.0,
        "p10": 2073600.0,
        "p25": 2073600.0,
        "median": 2073600.0,
        "p75": 2073600.0,
        "p90": 2073600.0,
        "p95": 2073600.0,
        "p99": 2073600.0,
        "p99.9": 2073600.0
      },
      "bytes": {
        "mean": 30122.5,
        "min": 30122.0,
        "max": 30123.0,
        "p0.1": 30122.0,
        "p1": 30122.0,
        "p5": 30122.0,
        "p10": 30122.0,
        "p25": 30122.0,
        "median": 30122.5,
        "p75": 30123.0,
        "p90": 30123.0,
        "p95": 30123.0,
        "p99": 30123.0,
        "p99.9": 30123.0
      },
      "aspect_ratio": {
        "mean": 1.777777777777778,
        "min": 1.7777777777777777,
        "max": 1.7777777777777777,
        "p0.1": 1.7777777777777777,
        "p1": 1.7777777777777777,
        "p5": 1.7777777777777777,
        "p10": 1.7777777777777777,
        "p25": 1.7777777777777777,
        "median": 1.7777777777777777,
        "p75": 1.7777777777777777,
        "p90": 1.7777777777777777,
        "p95": 1.7777777777777777,
        "p99": 1.7777777777777777,
        "p99.9": 1.7777777777777777
      }
    },
    "video": {
      "count": {
        "mean": 1.0,
        "min": 1.0,
        "max": 1.0,
        "p0.1": 1.0,
        "p1": 1.0,
        "p5": 1.0,
        "p10": 1.0,
        "p25": 1.0,
        "median": 1.0,
        "p75": 1.0,
        "p90": 1.0,
        "p95": 1.0,
        "p99": 1.0,
        "p99.9": 1.0
      },
      "frames": {
        "mean": 32.0,
        "min": 32.0,
        "max": 32.0,
        "p0.1": 32.0,
        "p1": 32.0,
        "p5": 32.0,
        "p10": 32.0,
        "p25": 32.0,
        "median": 32.0,
        "p75": 32.0,
        "p90": 32.0,
        "p95": 32.0,
        "p99": 32.0,
        "p99.9": 32.0
      },
      "pixels": {
        "mean": 921600.0,
        "min": 921600.0,
        "max": 921600.0,
        "p0.1": 921600.0,
        "p1": 921600.0,
        "p5": 921600.0,
        "p10": 921600.0,
        "p25": 921600.0,
        "median": 921600.0,
        "p75": 921600.0,
        "p90": 921600.0,
        "p95": 921600.0,
        "p99": 921600.0,
        "p99.9": 921600.0
      },
      "bytes": {
        "mean": 439232.0,
        "min": 439232.0,
        "max": 439232.0,
        "p0.1": 439232.0,
        "p1": 439232.0,
        "p5": 439232.0,
        "p10": 439232.0,
        "p25": 439232.0,
        "median": 439232.0,
        "p75": 439232.0,
        "p90": 439232.0,
        "p95": 439232.0,
        "p99": 439232.0,
        "p99.9": 439232.0
      },
      "aspect_ratio": {
        "mean": 1.777777777777778,
        "min": 1.7777777777777777,
        "max": 1.7777777777777777,
        "p0.1": 1.7777777777777777,
        "p1": 1.7777777777777777,
        "p5": 1.7777777777777777,
        "p10": 1.7777777777777777,
        "p25": 1.7777777777777777,
        "median": 1.7777777777777777,
        "p75": 1.7777777777777777,
        "p90": 1.7777777777777777,
        "p95": 1.7777777777777777,