{"load_summary": {"count": 12938, "schedule_delay": {"mean": 133.01788174677063, "min": -0.0011957856477238238, "p0.1": -0.000800182071630843, "p1": 2.788833226077266e-06, "p5": 5.661375687454711, "p10": 21.44118057144224, "p25": 61.09003569438937, "median": 132.89529619112727, "p75": 204.1237568983488, "p90": 244.1817801711266, "p95": 259.93662010345724, "p99": 271.2446358397033, "p99.9": 272.1328902932509, "max": 272.2660047293175}, "send_duration": 332.24221010599285, "requested_rate": 215.64, "achieved_rate": 38.941469826704086}, "successes": {"count": 12938, "latency": {"request_latency": {"mean": 11.474212932870916, "min": 6.276718880981207, "p0.1": 6.40831328039791, "p1": 7.179912935713073, "p5": 8.881353494510403, "p10": 8.907611472305144, "p25": 8.94458521877823, "median": 12.553372720023617, "p75": 12.691232280238182, "p90": 12.715558852971299, "p95": 12.725997378714965, "p99": 12.743497264371836, "p99.9": 13.088199992783867, "max": 13.16888057300821}, "normalized_time_per_output_token": {"mean": 0.0977231867071558, "min": 0.0, "p0.1": 0.048943437638768815, "p1": 0.055251220886224646, "p5": 0.06884673707060383, "p10": 0.06905725097920848, "p25": 0.06978101510241083, "median": 0.09732930725571237, "p75": 0.0984114757363365, "p90": 0.09862641705531273, "p95": 0.09879674583501111, "p99": 0.10112185699566507, "p99.9": 4.195766810322386, "max": 6.3459734244970605}, "time_per_output_token": null, "time_to_first_token": null, "inter_token_latency": null}, "throughput": {"input_tokens_per_sec": 5145.154391383334, "output_tokens_per_sec": 4858.018950367475, "total_tokens_per_sec": 10003.17334175081, "requests_per_sec": 37.88261189887514}, "prompt_len": {"mean": 135.81836450765186, "min": 130.0, "p0.1": 130.0, "p1": 131.0, "p5": 132.0, "p10": 132.0, "p25": 134.0, "median": 136.0, "p75": 138.0, "p90": 140.0, "p95": 141.0, "p99": 143.0, "p99.9": 147.0, "max": 150.0}, "output_len": {"mean": 128.2387540578142, "min": 0.0, "p0.1": 2.0, "p1": 124.37, "p5": 128.0, "p10": 129.0, "p25": 129.0, "median": 129.0, "p75": 129.0, "p90": 129.0, "p95": 129.0, "p99": 129.0, "p99.9": 130.0, "max": 133.0}}, "failures": {"count": 0, "request_latency": null, "prompt_len": null}}