{"load_summary": {"count": 10362, "schedule_delay": {"mean": 98.939912367893, "min": -0.001072769402526319, "p0.1": -0.0006766808468382805, "p1": -2.8639985248446487e-06, "p5": 4.0966356383374665, "p10": 14.67499389423756, "p25": 46.01100206251431, "median": 98.73885117389727, "p75": 151.5478423503955, "p90": 183.40971370990738, "p95": 194.0844710288744, "p99": 203.8900377364026, "p99.9": 204.4655007070764, "max": 204.60617681068834}, "send_duration": 264.59589371900074, "requested_rate": 172.71, "achieved_rate": 39.16160547451421}, "successes": {"count": 10362, "latency": {"request_latency": {"mean": 11.427166603805087, "min": 6.295776724989992, "p0.1": 6.3745905357223815, "p1": 6.827967953347834, "p5": 8.868336978871957, "p10": 8.901569809950889, "p25": 8.930805194526329, "median": 12.551889317983296, "p75": 12.687910337728681, "p90": 12.711887105728966, "p95": 12.717576369913877, "p99": 12.727673498742515, "p99.9": 12.74233676274243, "max": 12.749568754981738}, "normalized_time_per_output_token": {"mean": 0.09399222185409749, "min": 0.0, "p0.1": 0.0, "p1": 0.052477088208498016, "p5": 0.06872865101863998, "p10": 0.06901161132209804, "p25": 0.06965812046485098, "median": 0.09731274129066603, "p75": 0.09839692761419457, "p90": 0.09856945242883472, "p95": 0.09866427102359915, "p99": 0.10085782715917235, "p99.9": 1.7538629316908139, "max": 6.35665889250231}, "time_per_output_token": null, "time_to_first_token": null, "inter_token_latency": null}, "throughput": {"input_tokens_per_sec": 5143.262269497076, "output_tokens_per_sec": 4858.798847456165, "total_tokens_per_sec": 10002.061116953242, "requests_per_sec": 37.87338720239395}, "prompt_len": {"mean": 135.80148619957538, "min": 130.0, "p0.1": 130.0, "p1": 131.0, "p5": 132.0, "p10": 132.0, "p25": 134.0, "median": 136.0, "p75": 138.0, "p90": 140.0, "p95": 141.0, "p99": 143.0, "p99.9": 147.0, "max": 150.0}, "output_len": {"mean": 128.29058096892493, "min": 0.0, "p0.1": 0.0, "p1": 124.0, "p5": 128.0, "p10": 129.0, "p25": 129.0, "median": 129.0, "p75": 129.0, "p90": 129.0, "p95": 129.0, "p99": 129.0, "p99.9": 130.0, "max": 191.0}}, "failures": {"count": 0, "request_latency": null, "prompt_len": null}}