{"load_summary": {"count": 60, "schedule_delay": {"mean": 0.0002571580174844712, "min": -0.0011648759245872498, "p0.1": -0.0011538431908702479, "p1": -0.00105454858741723, "p5": -0.000596406910335645, "p10": -0.0005109045770950615, "p25": -7.344898767769337e-05, "median": 0.0002903674030676484, "p75": 0.000706156250089407, "p90": 0.0008731580222956837, "p95": 0.0009349717816803598, "p99": 0.0014065933460369706, "p99.9": 0.0014188345037400726, "max": 0.0014201946323737502}, "send_duration": 58.56654953805264, "requested_rate": 1.0, "achieved_rate": 1.024475583302308}, "successes": {"count": 60, "latency": {"request_latency": {"mean": 0.7613518198952078, "min": 0.09628185897599906, "p0.1": 0.09676569803268649, "p1": 0.10112024954287335, "p5": 0.11932245650095866, "p10": 0.13440019668778405, "p25": 0.2529309405363165, "median": 0.6961595279863104, "p75": 1.1194815412163734, "p90": 1.5333233375102282, "p95": 1.6624893901520406, "p99": 1.783555506451521, "p99.9": 1.7881477568836417, "max": 1.788658006931655}, "normalized_time_per_output_token": {"mean": 0.007494189739987879, "min": 0.007077324953645506, "p0.1": 0.0070784302019617695, "p1": 0.007088377436808146, "p5": 0.007103479906491667, "p10": 0.0071197643079204675, "p25": 0.007147692955395679, "median": 0.007273858293573569, "p75": 0.007614329668520499, "p90": 0.008359305746853351, "p95": 0.008552610224911144, "p99": 0.008985739877662676, "p99.9": 0.00928730074444144, "max": 0.009320807507416854}, "time_per_output_token": {"mean": 0.0033961611241266052, "min": 0.003035150335303375, "p0.1": 0.0030372674511044188, "p1": 0.0030563214933138154, "p5": 0.0030985926471529873, "p10": 0.0031842702076158116, "p25": 0.003342402852924256, "median": 0.0034554773993444666, "p75": 0.0034831847896132405, "p90": 0.003495955896185753, "p95": 0.0034969254977680166, "p99": 0.0035061862989725447, "p99.9": 0.003511128079734868, "max": 0.0035116771664862375}, "time_to_first_token": {"mean": 0.03296740579341228, "min": 0.02566408202983439, "p0.1": 0.025674132677377202, "p1": 0.02576458850526251, "p5": 0.026523935561999678, "p10": 0.02849045689217746, "p25": 0.030727382807526737, "median": 0.0326434729504399, "p75": 0.035553338209865615, "p90": 0.037150000815745446, "p95": 0.03953776591806672, "p99": 0.04013497472275048, "p99.9": 0.04016713737184182, "max": 0.04017071099951863}, "inter_token_latency": {"mean": 0.003466716408772081, "min": 2.8440263122320175e-06, "p0.1": 2.9231465887278317e-06, "p1": 9.042469318956137e-06, "p5": 9.545939974486828e-06, "p10": 9.797047823667526e-06, "p25": 1.055002212524414e-05, "median": 3.1459436286240816e-05, "p75": 0.007007460517343134, "p90": 0.007050547795370221, "p95": 0.007082394941244274, "p99": 0.0072499885654542595, "p99.9": 0.008160638221539574, "max": 0.010995774995535612}}, "throughput": {"input_tokens_per_sec": 75.6412881668941, "output_tokens_per_sec": 106.36214941972965, "total_tokens_per_sec": 182.00343758662376, "requests_per_sec": 1.0094477958215404}, "prompt_len": {"mean": 74.93333333333334, "min": 10.0, "p0.1": 10.0, "p1": 10.0, "p5": 10.95, "p10": 13.0, "p25": 18.0, "median": 41.0, "p75": 136.25, "p90": 188.20000000000005, "p95": 245.29999999999998, "p99": 254.82, "p99.9": 255.882, "max": 256.0}, "output_len": {"mean": 105.36666666666666, "min": 11.0, "p0.1": 11.059, "p1": 11.59, "p5": 13.95, "p10": 15.9, "p25": 33.0, "median": 96.0, "p75": 156.5, "p90": 215.20000000000002, "p95": 232.74999999999994, "p99": 248.82, "p99.9": 249.882, "max": 250.0}}, "failures": {"count": 0, "request_latency": null, "prompt_len": null}}