{"load_summary": {"count": 4522, "schedule_delay": {"mean": 0.00022681377240020431, "min": -0.0012399941915646195, "p0.1": -0.0011610518032684923, "p1": -0.0009142854763194918, "p5": -0.0006271140475291758, "p10": -0.00045324893435463306, "p25": -0.000140023126732558, "median": 0.0002133917878381908, "p75": 0.0005811603914480656, "p90": 0.0009236315963789821, "p95": 0.0011098091374151407, "p99": 0.0014825934392865745, "p99.9": 0.002440347361844047, "max": 0.002839768771082163}, "send_duration": 59.987132857088, "requested_rate": 75.37, "achieved_rate": 75.3828326946899}, "successes": {"count": 4522, "latency": {"request_latency": {"mean": 1.2526658732171263, "min": 0.10800124402157962, "p0.1": 0.11651845066179521, "p1": 0.13549449787824414, "p5": 0.16919471751898527, "p10": 0.2226941297063604, "p25": 0.4345573977625463, "median": 1.1665309250238352, "p75": 2.0095745733124204, "p90": 2.4494346468243746, "p95": 2.5810510085662823, "p99": 2.745614666547626, "p99.9": 2.8564930423236237, "max": 2.89218524901662}, "normalized_time_per_output_token": {"mean": 0.01086805810943737, "min": 0.007967431491371087, "p0.1": 0.008214383772456155, "p1": 0.009026000476923812, "p5": 0.00986164425421574, "p10": 0.010145169596325007, "p25": 0.010512944012781512, "median": 0.010807614756192515, "p75": 0.01117256814459207, "p90": 0.01168367551517658, "p95": 0.012105664552905427, "p99": 0.013021390210451246, "p99.9": 0.013923449113277, "max": 0.015204886281439527}, "time_per_output_token": {"mean": 0.005118020830552625, "min": 0.003583427255840174, "p0.1": 0.0036745860683109048, "p1": 0.004158522489093476, "p5": 0.0045226389062792294, "p10": 0.00471021655276872, "p25": 0.0049647207895778785, "median": 0.00517937397060536, "p75": 0.005322120821220507, "p90": 0.005450191089810785, "p95": 0.005534087537861697, "p99": 0.005631201335328773, "p99.9": 0.005758284075642343, "max": 0.0058241068914702}, "time_to_first_token": {"mean": 0.036227776380270235, "min": 0.022221522987820208, "p0.1": 0.02434691943589132, "p1": 0.0263173148536589, "p5": 0.028458291274728254, "p10": 0.02986075929366052, "p25": 0.03230553478351794, "median": 0.03555940400110558, "p75": 0.03909527507494204, "p90": 0.042735190317034724, "p95": 0.04519191371509805, "p99": 0.051820169184356925, "p99.9": 0.08301873904641281, "max": 0.2680750119034201}, "inter_token_latency": {"mean": 0.005202274746377398, "min": 2.5369226932525635e-06, "p0.1": 3.0869850888848305e-06, "p1": 7.735099643468857e-06, "p5": 1.007795799523592e-05, "p10": 1.1741998605430126e-05, "p25": 1.576205249875784e-05, "median": 4.6538945753127337e-05, "p75": 0.009998284804169089, "p90": 0.011146397213451564, "p95": 0.012896211654879147, "p99": 0.015667026591254386, "p99.9": 0.022622533412301006, "max": 0.027927213930524886}}, "throughput": {"input_tokens_per_sec": 5388.921509105608, "output_tokens_per_sec": 8561.048333850817, "total_tokens_per_sec": 13949.969842956425, "requests_per_sec": 72.9781055953125}, "prompt_len": {"mean": 73.84298982750995, "min": 10.0, "p0.1": 10.0, "p1": 10.0, "p5": 11.0, "p10": 12.0, "p25": 17.0, "median": 37.0, "p75": 118.0, "p90": 204.0, "p95": 232.0, "p99": 252.0, "p99.9": 256.0, "max": 256.0}, "output_len": {"mean": 117.30981866430783, "min": 10.0, "p0.1": 11.0, "p1": 11.0, "p5": 14.0, "p10": 19.0, "p25": 40.0, "median": 109.0, "p75": 189.0, "p90": 231.0, "p95": 243.94999999999982, "p99": 255.0, "p99.9": 257.0, "max": 257.0}}, "failures": {"count": 0, "request_latency": null, "prompt_len": null}}