{"load_summary": {"count": 2635, "schedule_delay": {"mean": 6.401906122992688, "min": -0.0010427507804706693, "p0.1": -0.0009497942691668868, "p1": -0.0005388664768543094, "p5": -9.63485217653215e-06, "p10": 0.0004031372023746372, "p25": 0.0016209454042837024, "median": 5.197089391818736, "p75": 11.575522076222114, "p90": 16.121715543407483, "p95": 16.977374611562116, "p99": 18.825068564547692, "p99.9": 18.965774480110152, "max": 19.045273433672264}, "send_duration": 78.88134127203375, "requested_rate": 43.93, "achieved_rate": 33.404604403376204}, "successes": {"count": 2635, "latency": {"request_latency": {"mean": 13.053554899400508, "min": 4.998815350001678, "p0.1": 5.046687436203822, "p1": 6.008668277420802, "p5": 7.83368161697872, "p10": 8.52294514857931, "p25": 11.767457736481447, "median": 14.111279236036353, "p75": 14.753407173993764, "p90": 14.956987990799826, "p95": 15.043395364721073, "p99": 15.22375260375673, "p99.9": 15.29239874969551, "max": 15.307934734039009}, "normalized_time_per_output_token": {"mean": 0.11045873769011232, "min": 0.0, "p0.1": 0.03895550872454087, "p1": 0.04657882385597521, "p5": 0.06073253760439192, "p10": 0.06617956650340723, "p25": 0.09151060721686276, "median": 0.10953119021701417, "p75": 0.11469357709603534, "p90": 0.11622326847701875, "p95": 0.11695065273384622, "p99": 0.11859210315815535, "p99.9": 3.074885099147191, "max": 7.077446809009416}, "time_per_output_token": null, "time_to_first_token": null, "inter_token_latency": null}, "throughput": {"input_tokens_per_sec": 4058.1373647038577, "output_tokens_per_sec": 3835.3172458934437, "total_tokens_per_sec": 7893.454610597301, "requests_per_sec": 29.89313237948379}, "prompt_len": {"mean": 135.75483870967741, "min": 130.0, "p0.1": 130.0, "p1": 131.0, "p5": 131.0, "p10": 132.0, "p25": 134.0, "median": 136.0, "p75": 138.0, "p90": 139.0, "p95": 141.0, "p99": 143.0, "p99.9": 147.0, "max": 148.0}, "output_len": {"mean": 128.30094876660343, "min": 0.0, "p0.1": 2.634, "p1": 125.0, "p5": 128.0, "p10": 129.0, "p25": 129.0, "median": 129.0, "p75": 129.0, "p90": 129.0, "p95": 129.0, "p99": 130.0, "p99.9": 130.0, "max": 133.0}}, "failures": {"count": 0, "request_latency": null, "prompt_len": null}}