{"load_summary": {"count": 15514, "schedule_delay": {"mean": 167.19673465587215, "min": -0.0011142489383928478, "p0.1": -0.000686425506370142, "p1": 0.00016332496481481938, "p5": 10.9708214456914, "p10": 28.10533640704234, "p25": 79.94206657157338, "median": 166.88780520949513, "p75": 253.4949089297006, "p90": 305.44364290331725, "p95": 322.72462767171675, "p99": 338.83431421186134, "p99.9": 340.0128473847409, "max": 340.14488712506136}, "send_duration": 400.10258785495535, "requested_rate": 258.57, "achieved_rate": 38.775055375608105}, "successes": {"count": 15514, "latency": {"request_latency": {"mean": 11.504073839376906, "min": 6.274277273972984, "p0.1": 6.421395406523021, "p1": 7.264793046585982, "p5": 8.89870444892731, "p10": 8.912612939090469, "p25": 8.976648569238023, "median": 12.567927889467683, "p75": 12.709020431982935, "p90": 12.726904911274323, "p95": 12.733911604987224, "p99": 12.751330502362107, "p99.9": 13.19034895781725, "max": 13.341576965991408}, "normalized_time_per_output_token": {"mean": 0.09572434680975996, "min": 0.0, "p0.1": 0.0, "p1": 0.05576029954349998, "p5": 0.06897386705914382, "p10": 0.06909637430848828, "p25": 0.0701742862597606, "median": 0.09744039112016153, "p75": 0.09854455243019106, "p90": 0.09869782474792613, "p95": 0.09885739536289045, "p99": 0.10117966854234649, "p99.9": 2.751687863089405, "max": 6.368244016484823}, "time_per_output_token": null, "time_to_first_token": null, "inter_token_latency": null}, "throughput": {"input_tokens_per_sec": 5144.8286024769595, "output_tokens_per_sec": 4859.595268188398, "total_tokens_per_sec": 10004.423870665358, "requests_per_sec": 37.88005331455276}, "prompt_len": {"mean": 135.8189377336599, "min": 130.0, "p0.1": 130.0, "p1": 131.0, "p5": 132.0, "p10": 132.0, "p25": 134.0, "median": 136.0, "p75": 138.0, "p90": 140.0, "p95": 141.0, "p99": 143.0, "p99.9": 146.487000000001, "max": 150.0}, "output_len": {"mean": 128.28902926389068, "min": 0.0, "p0.1": 0.0, "p1": 125.0, "p5": 128.0, "p10": 129.0, "p25": 129.0, "median": 129.0, "p75": 129.0, "p90": 129.0, "p95": 129.0, "p99": 129.0, "p99.9": 130.0, "max": 189.0}}, "failures": {"count": 0, "request_latency": null, "prompt_len": null}}