{"load_summary": {}, "successes": {"count": 1605, "rate": 13.958255, "prompt_len": {"mean": 2956, "rate": 3097.769812}, "output_len": {"mean": 2770, "rate": 2839.482326}, "queue_len": {"mean": 62}, "request_latency": {"mean": 16.643998, "median": 14.291159, "p90": 36.19186, "p99": 51.735294}, "time_to_first_token": {"mean": 4.705277, "median": 3.068182, "p90": 16.457627, "p99": 19.645763}, "time_per_output_token": {"mean": 0.058905, "median": 0.052639, "p90": 0.103707, "p99": 0.165019}, "kv_cache_usage_percentage": {"mean": 0.32801, "median": 0.417881, "p90": 0.556056, "p99": 0.568341}, "num_requests_swapped": {"mean": 0}, "num_preemptions_total": {"mean": 0}, "prefix_cache_hit_percent": {"mean": 0.34410057380480524}}, "failures": {}}