{"load_summary": {"count": 360, "schedule_delay": {"mean": 0.0002477294003862577, "min": -0.001530675683170557, "p10": -0.0007151612779125571, "median": 0.00027567005599848926, "p90": 0.0010950405907351529, "max": 0.007101151626557112}, "send_duration": 59.969828966015484, "requested_rate": 6.0, "achieved_rate": 6.003018621313889}, "successes": {"count": 360, "latency": {"request_latency": {"mean": 3.480998302400985, "min": 0.19445341697428375, "p10": 0.3234321110183373, "median": 1.7224479744909331, "p90": 8.809139036561831, "max": 17.024209171999246}, "normalized_time_per_output_token": {"mean": 0.021859208514326635, "min": 0.01600389354059251, "p10": 0.01757649324902389, "median": 0.019918538765237366, "p90": 0.028592290569213235, "max": 0.05809884340269491}, "time_per_output_token": {"mean": 0.009172188907880555, "min": 0.0064351837139665375, "p10": 0.008009388696502315, "median": 0.009195015911600416, "p90": 0.010185217370755674, "max": 0.013058483755363651}, "time_to_first_token": {"mean": 0.06686591952537936, "min": 0.030662478995509446, "p10": 0.04360773310181685, "median": 0.06059830402955413, "p90": 0.09404300908790901, "max": 0.16916094697080553}, "inter_token_latency": {"mean": 0.009301736385411543, "min": 2.1199812181293964e-06, "p10": 2.777029876597226e-05, "median": 0.00010735500836744905, "p90": 0.018193977314513176, "max": 0.12049784895498306}}, "throughput": {"input_tokens_per_sec": 1441.2992514218893, "output_tokens_per_sec": 933.4760937046922, "total_tokens_per_sec": 2374.775345126581, "requests_per_sec": 5.163428141506833}, "prompt_len": {"mean": 279.1361111111111, "min": 10.0, "p10": 16.0, "median": 211.5, "p90": 717.4000000000005, "max": 975.0}, "output_len": {"mean": 180.7861111111111, "min": 5.0, "p10": 13.899999999999999, "median": 90.0, "p90": 483.0000000000002, "max": 827.0}}, "failures": {"count": 0, "request_latency": null, "prompt_len": null}}