{"load_summary": {}, "successes": {"count": 1262, "rate": 12.027632, "prompt_len": {"mean": 2620, "rate": 2645.965191}, "output_len": {"mean": 2611, "rate": 2613.641285}, "queue_len": {"mean": 25}, "request_latency": {"mean": 13.735034, "median": 9.830357, "p90": 31.689655, "p99": 48.802128}, "time_to_first_token": {"mean": 1.980742, "median": 0.197321, "p90": 6.446053, "p99": 9.332813}, "time_per_output_token": {"mean": 0.054252, "median": 0.045662, "p90": 0.099141, "p99": 0.157413}, "kv_cache_usage_percentage": {"mean": 0.324182, "median": 0.377726, "p90": 0.601689, "p99": 0.604565}, "num_requests_swapped": {"mean": 0}, "num_preemptions_total": {"mean": 0}, "prefix_cache_hit_percent": {"mean": 0.734642486080145}}, "failures": {}}