{"load_summary": {"count": 5637, "schedule_delay": {"mean": 0.00017402978269579917, "min": -0.0012421722058206797, "p0.1": -0.0011277859429828822, "p1": -0.0008976384531706571, "p5": -0.0006529460661113262, "p10": -0.0004806889919564128, "p25": -0.00018299231305718422, "median": 0.00017075275536626577, "p75": 0.0005261627957224846, "p90": 0.000838801311329008, "p95": 0.0010136661818251013, "p99": 0.0012832032982260002, "p99.9": 0.0015302062453702188, "max": 0.001782514969818294}, "send_duration": 59.977781952009536, "requested_rate": 93.96, "achieved_rate": 93.98480264759331}, "successes": {"count": 5637, "latency": {"request_latency": {"mean": 2.9766598466586287, "min": 0.10350196796935052, "p0.1": 0.13580831846268848, "p1": 0.23665330706164242, "p5": 0.5835720631759613, "p10": 1.0635203945916147, "p25": 2.180577156948857, "median": 2.9230614099651575, "p75": 3.9664812840055674, "p90": 4.76934750704095, "p95": 5.080871469993144, "p99": 5.48004126844462, "p99.9": 5.702362541018522, "max": 5.80610041692853}, "normalized_time_per_output_token": {"mean": 0.04179806765215202, "min": 0.00869521315785517, "p0.1": 0.009274268219721589, "p1": 0.010594315849249924, "p5": 0.011914049792019306, "p10": 0.012509636823863293, "p25": 0.018404246345597904, "median": 0.025110392233853168, "p75": 0.04466604600105818, "p90": 0.09872988353378073, "p95": 0.14242174950797368, "p99": 0.20538874776413052, "p99.9": 0.2439699290883312, "max": 0.2576229340947149}, "time_per_output_token": {"mean": 0.0058379315133798805, "min": 0.0034698027163921367, "p0.1": 0.004081078283812689, "p1": 0.004659952114659677, "p5": 0.005182177075184881, "p10": 0.005412655205494075, "p25": 0.005734775161598087, "median": 0.0059325620779728, "p75": 0.006041886465838895, "p90": 0.006116287561941202, "p95": 0.006164625482782678, "p99": 0.006276790955254335, "p99.9": 0.006559355029093966, "max": 0.007116591055436354}, "time_to_first_token": {"mean": 1.5817240065749136, "min": 0.022501140017993748, "p0.1": 0.025870410966221242, "p1": 0.030257664886303246, "p5": 0.03771184915676713, "p10": 0.06317322819959373, "p25": 0.7152656549587846, "median": 1.9709429380018264, "p75": 2.3028257380938157, "p90": 2.5616351835895332, "p95": 2.6508322140201925, "p99": 2.7114962384244428, "p99.9": 2.7465389274288903, "max": 2.7516303649172187}, "inter_token_latency": {"mean": 0.0059260937484745604, "min": 2.5780173018574715e-06, "p0.1": 3.1249364838004112e-06, "p1": 8.009024895727634e-06, "p5": 1.0394025593996048e-05, "p10": 1.2109987437725067e-05, "p25": 1.6020028851926327e-05, "median": 4.7743902541697025e-05, "p75": 0.011229680967517197, "p90": 0.01336330154445022, "p95": 0.015101300156675275, "p99": 0.01976329077035191, "p99.9": 0.02577639047894627, "max": 0.033563875942490995}}, "throughput": {"input_tokens_per_sec": 6538.557526687026, "output_tokens_per_sec": 10360.82930368704, "total_tokens_per_sec": 16899.386830374064, "requests_per_sec": 87.71146521424589}, "prompt_len": {"mean": 74.5462125243924, "min": 10.0, "p0.1": 10.0, "p1": 10.0, "p5": 11.0, "p10": 12.0, "p25": 17.0, "median": 36.0, "p75": 118.0, "p90": 209.0, "p95": 233.0, "p99": 252.0, "p99.9": 256.0, "max": 256.0}, "output_len": {"mean": 118.12400212879191, "min": 9.0, "p0.1": 11.0, "p1": 11.0, "p5": 14.0, "p10": 19.0, "p25": 40.0, "median": 111.0, "p75": 190.0, "p90": 232.0, "p95": 244.0, "p99": 255.0, "p99.9": 257.0, "max": 257.0}}, "failures": {"count": 0, "request_latency": null, "prompt_len": null}}