{"load_summary": {}, "successes": {"count": 1822, "rate": 13.500581, "prompt_len": {"mean": 3050, "rate": 2767.570234}, "output_len": {"mean": 2653, "rate": 2981.843465}, "queue_len": {"mean": 100}, "request_latency": {"mean": 21.676922, "median": 18.65, "p90": 40.238938, "p99": 59.957407}, "time_to_first_token": {"mean": 7.96906, "median": 11.940367, "p90": 18.388073, "p99": 19.838807}, "time_per_output_token": {"mean": 0.063062, "median": 0.057784, "p90": 0.115534, "p99": 0.164984}, "kv_cache_usage_percentage": {"mean": 0.423739, "median": 0.556739, "p90": 0.621007, "p99": 0.625494}, "num_requests_swapped": {"mean": 0}, "num_preemptions_total": {"mean": 0}, "prefix_cache_hit_percent": {"mean": 1.030870746882912}}, "failures": {}}