{"load_summary": {"count": 7786, "schedule_delay": {"mean": 65.83499743696953, "min": -0.001053335319738835, "p0.1": -0.0006683885536040179, "p1": -0.00010230845364276318, "p5": 0.0011769550910685211, "p10": 8.202707936317893, "p25": 28.10154569815495, "median": 65.64315523271216, "p75": 103.1829470571247, "p90": 123.32406433307915, "p95": 132.6522671779676, "p99": 137.5938661879016, "p99.9": 137.91058364458092, "max": 137.96831889043096}, "send_duration": 197.90494737803238, "requested_rate": 129.78, "achieved_rate": 39.34211904832983}, "successes": {"count": 7786, "latency": {"request_latency": {"mean": 11.407194575117135, "min": 6.283491163980216, "p0.1": 6.337693457441346, "p1": 6.655223692284198, "p5": 8.881720181758283, "p10": 8.928478790505324, "p25": 9.039626712488825, "median": 12.6124762329855, "p75": 12.71484360928298, "p90": 12.771390605019405, "p95": 12.777906836985494, "p99": 12.789180953989852, "p99.9": 12.832310765256699, "max": 12.836718861013651}, "normalized_time_per_output_token": {"mean": 0.09652781360575732, "min": 0.0, "p0.1": 0.0, "p1": 0.051232965325651504, "p5": 0.06878689897815927, "p10": 0.06922117139139689, "p25": 0.07015103814356813, "median": 0.09778146597271598, "p75": 0.09878705778890633, "p90": 0.09903830250764858, "p95": 0.0991341313088834, "p99": 0.10135468836993418, "p99.9": 3.20812390577923, "max": 6.382838969497243}, "time_per_output_token": null, "time_to_first_token": null, "inter_token_latency": null}, "throughput": {"input_tokens_per_sec": 5109.586775619109, "output_tokens_per_sec": 4825.516535277402, "total_tokens_per_sec": 9935.103310896511, "requests_per_sec": 37.62602948642517}, "prompt_len": {"mean": 135.79925507320831, "min": 130.0, "p0.1": 130.0, "p1": 131.0, "p5": 131.0, "p10": 132.0, "p25": 134.0, "median": 136.0, "p75": 138.0, "p90": 140.0, "p95": 141.0, "p99": 143.0, "p99.9": 147.0, "max": 150.0}, "output_len": {"mean": 128.24942203955817, "min": 0.0, "p0.1": 0.0, "p1": 125.0, "p5": 128.0, "p10": 129.0, "p25": 129.0, "median": 129.0, "p75": 129.0, "p90": 129.0, "p95": 129.0, "p99": 129.0, "p99.9": 130.0, "max": 191.0}}, "failures": {"count": 0, "request_latency": null, "prompt_len": null}}