{"load_summary": {"count": 3406, "schedule_delay": {"mean": 0.0003249188177919215, "min": -0.0012102413456887007, "p0.1": -0.0011199912772281095, "p1": -0.0008524247852619738, "p5": -0.0005600739386864007, "p10": -0.0003931797109544277, "p25": -8.237248403020203e-05, "median": 0.00030367571162059903, "p75": 0.0006942131731193513, "p90": 0.0010482659563422203, "p95": 0.001293646462727338, "p99": 0.0018994518206454794, "p99.9": 0.002687610836583238, "max": 0.003400457790121436}, "send_duration": 59.98443567100912, "requested_rate": 56.77, "achieved_rate": 56.78139607215047}, "successes": {"count": 3406, "latency": {"request_latency": {"mean": 1.0961500697658346, "min": 0.09437662805430591, "p0.1": 0.10884936401445884, "p1": 0.11846645651967265, "p5": 0.15207952904165722, "p10": 0.198558189033065, "p25": 0.39779387824819423, "median": 1.0168089850340039, "p75": 1.7413323617656715, "p90": 2.1460433769971132, "p95": 2.2751977535081096, "p99": 2.4166082029405507, "p99.9": 2.5440456817322463, "max": 2.570446803001687}, "normalized_time_per_output_token": {"mean": 0.009535279603403083, "min": 0.007820011019398729, "p0.1": 0.007977461096268849, "p1": 0.008378537603250929, "p5": 0.008887682768672448, "p10": 0.008968174672364163, "p25": 0.00917519979730636, "median": 0.009430760006146385, "p75": 0.009786635096662276, "p90": 0.010232180323348277, "p95": 0.01057530119106633, "p99": 0.011316291599714921, "p99.9": 0.012779876588452196, "max": 0.013220505545508455}, "time_per_output_token": {"mean": 0.004487253594665436, "min": 0.0032248315235067692, "p0.1": 0.0033940701252406303, "p1": 0.0037714343299047044, "p5": 0.0040415567779374766, "p10": 0.004181008945161826, "p25": 0.004361726792643047, "median": 0.004507761229718766, "p75": 0.004644219785828947, "p90": 0.004784669938330686, "p95": 0.004850553555103978, "p99": 0.004942044392615077, "p99.9": 0.005142198547562172, "max": 0.005390124458686581}, "time_to_first_token": {"mean": 0.032618411952109884, "min": 0.019735428970307112, "p0.1": 0.022457324099959805, "p1": 0.02463768470333889, "p5": 0.0262758347671479, "p10": 0.027383716485928744, "p25": 0.029648897994775325, "median": 0.032174738589674234, "p75": 0.035051780490903184, "p90": 0.03797811095137149, "p95": 0.04029461549362168, "p99": 0.04671122385188937, "p99.9": 0.05534926528751398, "max": 0.07009045605082065}, "inter_token_latency": {"mean": 0.0045584971320059954, "min": 2.4560140445828438e-06, "p0.1": 3.0200621113181113e-06, "p1": 7.6000578701496124e-06, "p5": 9.826966561377048e-06, "p10": 1.1081108823418617e-05, "p25": 1.4998018741607666e-05, "median": 4.3897482100874186e-05, "p75": 0.008867492666468024, "p90": 0.009545637632254512, "p95": 0.010477261379128315, "p99": 0.013312580692581826, "p99.9": 0.018614700211446542, "max": 0.02373564091976732}}, "throughput": {"input_tokens_per_sec": 4045.7074355844748, "output_tokens_per_sec": 6450.324320572884, "total_tokens_per_sec": 10496.03175615736, "requests_per_sec": 55.10968011486405}, "prompt_len": {"mean": 73.41192014092778, "min": 10.0, "p0.1": 10.0, "p1": 10.0, "p5": 11.0, "p10": 12.0, "p25": 17.0, "median": 38.0, "p75": 117.0, "p90": 198.0, "p95": 228.0, "p99": 252.0, "p99.9": 256.0, "max": 256.0}, "output_len": {"mean": 117.04521432765708, "min": 11.0, "p0.1": 11.0, "p1": 11.0, "p5": 15.0, "p10": 20.0, "p25": 41.0, "median": 109.0, "p75": 186.0, "p90": 233.0, "p95": 245.0, "p99": 255.0, "p99.9": 257.0, "max": 257.0}}, "failures": {"count": 0, "request_latency": null, "prompt_len": null}}