{"load_summary": {"count": 60, "schedule_delay": {"mean": 0.0006106757966335863, "min": -0.0005892721237614751, "p10": -9.514729026705014e-06, "median": 0.0005945437878835946, "p90": 0.0012977599631994964, "max": 0.0018227206892333925}, "send_duration": 59.82802831195295, "requested_rate": 1.0, "achieved_rate": 1.0028744334871}, "successes": {"count": 60, "latency": {"request_latency": {"mean": 3.534420235953682, "min": 0.210080147953704, "p10": 0.30874783297185787, "median": 3.355497678014217, "p90": 8.439761440770235, "max": 11.564389095001388}, "normalized_time_per_output_token": {"mean": 0.01694352965674343, "min": 0.014397642281920668, "p10": 0.014688950334415177, "median": 0.015495510019001986, "p90": 0.020948644455056637, "max": 0.0319021066010464}, "time_per_output_token": {"mean": 0.007278099084623923, "min": 0.006390965618525765, "p10": 0.0066898812351410195, "median": 0.007365180665650136, "p90": 0.007626155359569617, "max": 0.007711860850138869}, "time_to_first_token": {"mean": 0.058435614053936054, "min": 0.03771056997356936, "p10": 0.04448651800048538, "median": 0.054611469531664625, "p90": 0.08116110803093761, "max": 0.08949669898720458}, "inter_token_latency": {"mean": 0.007488331659349565, "min": 2.5799963623285294e-06, "p10": 2.8239970561116934e-05, "median": 8.476502262055874e-05, "p90": 0.015118449670262634, "max": 0.05205617903266102}}, "throughput": {"input_tokens_per_sec": 190.4792298171583, "output_tokens_per_sec": 211.50695628503055, "total_tokens_per_sec": 401.98618610218887, "requests_per_sec": 0.9222687047312378}, "prompt_len": {"mean": 206.53333333333333, "min": 10.0, "p10": 15.8, "median": 104.5, "p90": 528.1, "max": 742.0}, "output_len": {"mean": 229.33333333333334, "min": 10.0, "p10": 15.8, "median": 229.0, "p90": 544.3000000000001, "max": 750.0}}, "failures": {"count": 0, "request_latency": null, "prompt_len": null}}