{"load_summary": {"count": 1175, "schedule_delay": {"mean": 0.0010651471154724665, "min": -0.001979391323402524, "p0.1": -0.00168217440135777, "p1": -0.000986201507039368, "p5": -0.0004081827471964061, "p10": -0.00011120343115180729, "p25": 0.00035670370562002063, "median": 0.0009596364106982946, "p75": 0.0017395444447174668, "p90": 0.002415972296148539, "p95": 0.002813912939745933, "p99": 0.003522823743987828, "p99.9": 0.004863787583075483, "max": 0.005654567386955023}, "send_duration": 59.9972513980465, "requested_rate": 19.59, "achieved_rate": 19.5842304875696}, "successes": {"count": 1175, "latency": {"request_latency": {"mean": 0.9512968409528084, "min": 0.09037972195073962, "p0.1": 0.09328274010587484, "p1": 0.10190570482984185, "p5": 0.13016290449304507, "p10": 0.1735226137796417, "p25": 0.36951437150128186, "median": 0.9063784079626203, "p75": 1.4909238980035298, "p90": 1.7950680559966716, "p95": 1.8909992052125744, "p99": 1.965975109236315, "p99.9": 2.033106715075905, "max": 2.036004433990456}, "normalized_time_per_output_token": {"mean": 0.007932084667795937, "min": 0.007340853338544147, "p0.1": 0.007354978401812524, "p1": 0.007503290204727217, "p5": 0.007597596287202529, "p10": 0.00763910528370507, "p25": 0.007704764322588806, "median": 0.00780401102897218, "p75": 0.008034803000636706, "p90": 0.008447281062367636, "p95": 0.008705133778857998, "p99": 0.009212495236092114, "p99.9": 0.010057614751358213, "max": 0.01015258922528189}, "time_per_output_token": {"mean": 0.0037236691502884624, "min": 0.0032261951279866953, "p0.1": 0.0032301630599074274, "p1": 0.0032571158454778523, "p5": 0.0034248076900863593, "p10": 0.0035448272425142747, "p25": 0.003679608046700618, "median": 0.0037581953348363845, "p75": 0.003802244328540645, "p90": 0.003851135933562673, "p95": 0.003888149733188853, "p99": 0.003984723002253932, "p99.9": 0.004006917439091895, "max": 0.004015732092938973}, "time_to_first_token": {"mean": 0.029278235664452486, "min": 0.020266802981495857, "p0.1": 0.020810976887820288, "p1": 0.02228434989694506, "p5": 0.02386268510017544, "p10": 0.024975775787606836, "p25": 0.026849148503970355, "median": 0.02919259190093726, "p75": 0.03149960900191218, "p90": 0.03378190163057298, "p95": 0.03514505254570395, "p99": 0.03816782788140699, "p99.9": 0.04165396186918952, "max": 0.04750247299671173}, "inter_token_latency": {"mean": 0.0037807555460898446, "min": 2.6320340111851692e-06, "p0.1": 2.968008629977703e-06, "p1": 7.830746471881867e-06, "p5": 9.794952347874641e-06, "p10": 1.026899553835392e-05, "p25": 1.191999763250351e-05, "median": 3.555102739483118e-05, "p75": 0.007521278923377395, "p90": 0.007759873988106847, "p95": 0.007980940048582852, "p99": 0.009033769974485042, "p99.9": 0.01144278112798932, "max": 0.016533015994355083}}, "throughput": {"input_tokens_per_sec": 1441.7203678422406, "output_tokens_per_sec": 2326.5330981984594, "total_tokens_per_sec": 3768.2534660406995, "requests_per_sec": 19.022834211636265}, "prompt_len": {"mean": 75.78893617021276, "min": 10.0, "p0.1": 10.0, "p1": 10.0, "p5": 11.0, "p10": 12.0, "p25": 18.0, "median": 40.0, "p75": 120.0, "p90": 206.0, "p95": 230.0, "p99": 250.0, "p99.9": 255.65200000000004, "max": 256.0}, "output_len": {"mean": 122.30212765957447, "min": 11.0, "p0.1": 11.0, "p1": 11.0, "p5": 15.0, "p10": 20.0, "p25": 46.0, "median": 117.0, "p75": 192.5, "p90": 232.0, "p95": 244.29999999999995, "p99": 254.0, "p99.9": 256.0, "max": 257.0}}, "failures": {"count": 0, "request_latency": null, "prompt_len": null}}