{"load_summary": {"count": 2290, "schedule_delay": {"mean": 0.0005231751133098092, "min": -0.001120737986639142, "p0.1": -0.000989618933526799, "p1": -0.000737609313800931, "p5": -0.00047997458023019135, "p10": -0.00028923741774633527, "p25": 2.0003877580165863e-05, "median": 0.00042206316720694304, "p75": 0.000873727782163769, "p90": 0.0014575493289157744, "p95": 0.0019825032504741102, "p99": 0.002951888706302273, "p99.9": 0.004040691838716198, "max": 0.005342216230928898}, "send_duration": 59.98338475904893, "requested_rate": 38.18, "achieved_rate": 38.17723873367344}, "successes": {"count": 2290, "latency": {"request_latency": {"mean": 0.9790157652299396, "min": 0.09512890002224594, "p0.1": 0.09985306136962026, "p1": 0.1078370963933412, "p5": 0.13342438177205623, "p10": 0.17568498210748656, "p25": 0.3405183930299245, "median": 0.9035475880373269, "p75": 1.580035055987537, "p90": 1.9268701230408625, "p95": 2.0482336916960775, "p99": 2.1626735078066126, "p99.9": 2.2234199985036396, "max": 2.2515233129961416}, "normalized_time_per_output_token": {"mean": 0.008598091285525435, "min": 0.007478725484370724, "p0.1": 0.007582567375061017, "p1": 0.007925619624834332, "p5": 0.008122550389467683, "p10": 0.008183436476344052, "p25": 0.008294514743378941, "median": 0.00849709099285487, "p75": 0.00877268140231116, "p90": 0.009178399375284406, "p95": 0.009503838838710903, "p99": 0.010104462645263304, "p99.9": 0.010812715787432401, "max": 0.010829548749219006}, "time_per_output_token": {"mean": 0.004028775219651593, "min": 0.00325854266771958, "p0.1": 0.003308472656590409, "p1": 0.003458124499589722, "p5": 0.0036571378532133884, "p10": 0.003772170770836435, "p25": 0.003946249617191412, "median": 0.004043845189812795, "p75": 0.004146739112387167, "p90": 0.004233208427513973, "p95": 0.004285457263011461, "p99": 0.004454913686268367, "p99.9": 0.004498219272454024, "max": 0.004504419113946891}, "time_to_first_token": {"mean": 0.030372520659005017, "min": 0.020607472979463637, "p0.1": 0.02172503614530433, "p1": 0.0226810717897024, "p5": 0.02461651221383363, "p10": 0.025603370857425034, "p25": 0.027645975002087653, "median": 0.030166465032380074, "p75": 0.032710048981243744, "p90": 0.03512093373574317, "p95": 0.0368544835539069, "p99": 0.041045443919720134, "p99.9": 0.04994934597413548, "max": 0.06203197396825999}, "inter_token_latency": {"mean": 0.004097127950623298, "min": 2.54996120929718e-06, "p0.1": 2.9869843274354935e-06, "p1": 7.5249699875712395e-06, "p5": 9.707990102469921e-06, "p10": 1.0600895620882511e-05, "p25": 1.3508019037544727e-05, "median": 3.918999573215842e-05, "p75": 0.00807241172879003, "p90": 0.00852012294344604, "p95": 0.008930861332919449, "p99": 0.01129022662877107, "p99.9": 0.016205699891085192, "max": 0.022355646011419594}}, "throughput": {"input_tokens_per_sec": 2761.5699594264447, "output_tokens_per_sec": 4329.587608134408, "total_tokens_per_sec": 7091.157567560852, "requests_per_sec": 37.27561938691202}, "prompt_len": {"mean": 74.08515283842794, "min": 10.0, "p0.1": 10.0, "p1": 10.0, "p5": 11.0, "p10": 12.0, "p25": 17.0, "median": 37.0, "p75": 121.0, "p90": 202.0999999999999, "p95": 228.54999999999973, "p99": 251.0, "p99.9": 255.71100000000024, "max": 256.0}, "output_len": {"mean": 116.15065502183405, "min": 11.0, "p0.1": 11.0, "p1": 11.0, "p5": 14.0, "p10": 19.0, "p25": 40.0, "median": 107.0, "p75": 188.0, "p90": 231.0, "p95": 245.0, "p99": 255.0, "p99.9": 257.0, "max": 257.0}}, "failures": {"count": 0, "request_latency": null, "prompt_len": null}}