{"load_summary": {"count": 6753, "schedule_delay": {"mean": 3.9807062811803915, "min": -0.0010584730189293623, "p0.1": -0.0009683302557095885, "p1": -0.0006600251188501715, "p5": -0.0002383366227149963, "p10": 5.830845329910517e-05, "p25": 0.0010201807599514723, "median": 3.551429377985187, "p75": 7.29508284770418, "p90": 8.929402579413727, "p95": 9.833116257796064, "p99": 10.383565842104144, "p99.9": 10.47990392748453, "max": 10.50104356999509}, "send_duration": 70.4733114860719, "requested_rate": 112.55, "achieved_rate": 95.82350903624898}, "successes": {"count": 6753, "latency": {"request_latency": {"mean": 4.28751831834667, "min": 0.1048691290197894, "p0.1": 0.14909213305450975, "p1": 0.46125245712697505, "p5": 1.259380704187788, "p10": 2.206833785376512, "p25": 3.616878099972382, "median": 4.294951026909985, "p75": 5.433774233912118, "p90": 6.099692395585589, "p95": 6.333491626218892, "p99": 6.561682536094449, "p99.9": 6.777347211356285, "max": 6.885588051052764}, "normalized_time_per_output_token": {"mean": 0.06857017063463744, "min": 0.008922322921174031, "p0.1": 0.009458266900830114, "p1": 0.011247729569028232, "p5": 0.014902445568215338, "p10": 0.019680319168379135, "p25": 0.02734889929851526, "median": 0.037511576338201985, "p75": 0.0833405189585629, "p90": 0.173861795713726, "p95": 0.23281253298589338, "p99": 0.31646634942301627, "p99.9": 0.33880497455241354, "max": 0.35060243090530013}, "time_per_output_token": {"mean": 0.0058841545142827665, "min": 0.0031888551921361967, "p0.1": 0.003921301651138219, "p1": 0.004773764384734625, "p5": 0.005222884633991144, "p10": 0.00546185954692571, "p25": 0.005792070973208237, "median": 0.0059754134935104215, "p75": 0.006077115296843507, "p90": 0.0061534547689325895, "p95": 0.006203071026455897, "p99": 0.006327414067162061, "p99.9": 0.0064878836511316155, "max": 0.006690474783839739}, "time_to_first_token": {"mean": 2.901531272139108, "min": 0.024401530041359365, "p0.1": 0.025939510563388467, "p1": 0.03245456527452916, "p5": 0.40091464475262917, "p10": 0.6849365312373266, "p25": 3.1544025420444086, "median": 3.3893526059109718, "p75": 3.487445986014791, "p90": 3.5894414169946685, "p95": 3.66424465153832, "p99": 3.7821719683194526, "p99.9": 3.8364089884785972, "max": 3.863943431992084}, "inter_token_latency": {"mean": 0.005984579849343327, "min": 1.7329584807157516e-06, "p0.1": 3.035995177924633e-06, "p1": 7.756054401397705e-06, "p5": 1.026294194161892e-05, "p10": 1.1931988410651684e-05, "p25": 1.591700129210949e-05, "median": 4.617206286638975e-05, "p75": 0.011295954987872392, "p90": 0.013566578808240594, "p95": 0.015256925555877387, "p99": 0.020643003475852316, "p99.9": 0.0309836353692227, "max": 0.13120106107089669}}, "throughput": {"input_tokens_per_sec": 6750.738738907541, "output_tokens_per_sec": 10366.588578869296, "total_tokens_per_sec": 17117.32731777684, "requests_per_sec": 89.1064261915182}, "prompt_len": {"mean": 75.76040278394788, "min": 10.0, "p0.1": 10.0, "p1": 10.0, "p5": 11.0, "p10": 12.0, "p25": 17.0, "median": 39.0, "p75": 123.0, "p90": 206.0, "p95": 232.0, "p99": 252.0, "p99.9": 256.0, "max": 256.0}, "output_len": {"mean": 116.33940470901821, "min": 9.0, "p0.1": 11.0, "p1": 11.0, "p5": 14.0, "p10": 19.0, "p25": 37.0, "median": 107.0, "p75": 189.0, "p90": 232.0, "p95": 245.0, "p99": 255.0, "p99.9": 257.0, "max": 257.0}}, "failures": {"count": 0, "request_latency": null, "prompt_len": null}}