{"load_summary": {"count": 1560, "schedule_delay": {"mean": 1.3827009632248053, "min": -0.0010448206448927522, "p10": -0.00020593737135641275, "median": 0.0006767521263100207, "p90": 6.103467332484436, "max": 9.380119042878505}, "send_duration": 69.3575522149913, "requested_rate": 26.0, "achieved_rate": 22.49214325160128}, "successes": {"count": 1560, "latency": {"request_latency": {"mean": 17.107732935242232, "min": 0.2500245670089498, "p10": 1.4890877350757366, "median": 14.384750754514243, "p90": 35.659612908802245, "max": 62.19434776395792}, "normalized_time_per_output_token": {"mean": 0.17906193107991333, "min": 0.02083538058407915, "p10": 0.04526189134764292, "median": 0.08339070236686648, "p90": 0.478890732844513, "max": 2.4305943193961865}, "time_per_output_token": {"mean": 0.029129879119487848, "min": 0.007449870380306882, "p10": 0.018310693923491977, "median": 0.03216225128948219, "p90": 0.03529118591669757, "max": 0.049674539398401975}, "time_to_first_token": {"mean": 5.0626515399444125, "min": 0.04284356901189312, "p10": 0.07924881704384461, "median": 4.188204508507624, "p90": 11.024804325029255, "max": 11.7546683519613}, "inter_token_latency": {"mean": 0.029434623547524064, "min": 1.9000144675374031e-06, "p10": 1.605099532753229e-05, "median": 0.00017700999160297215, "p90": 0.08487270699115475, "max": 0.5498322929488495}}, "throughput": {"input_tokens_per_sec": 3443.4240968379, "output_tokens_per_sec": 3274.383296406957, "total_tokens_per_sec": 6717.807393244857, "requests_per_sec": 16.189063089954654}, "prompt_len": {"mean": 212.70064102564103, "min": 10.0, "p10": 14.0, "median": 111.0, "p90": 541.1000000000001, "max": 1021.0}, "output_len": {"mean": 202.25897435897437, "min": 5.0, "p10": 14.0, "median": 147.5, "p90": 481.10000000000014, "max": 950.0}}, "failures": {"count": 0, "request_latency": null, "prompt_len": null}}