{"load_summary": {"count": 660, "schedule_delay": {"mean": 0.0009705449360119404, "min": -0.0009534201817587018, "p10": -0.00016649578465148805, "median": 0.0005982673028483987, "p90": 0.0029243314114864916, "max": 0.008916371269151568}, "send_duration": 59.99215692002326, "requested_rate": 11.0, "achieved_rate": 11.001438085979458}, "successes": {"count": 660, "latency": {"request_latency": {"mean": 5.0323219770538286, "min": 0.20502531703095883, "p10": 0.45516630191123114, "median": 3.7420558425073978, "p90": 11.649498803314057, "max": 19.639470937021542}, "normalized_time_per_output_token": {"mean": 0.027882081566160146, "min": 0.017540348193803075, "p10": 0.02157899368530115, "median": 0.025278209862425245, "p90": 0.03400055628095288, "max": 0.6079795891710091}, "time_per_output_token": {"mean": 0.011739478409032153, "min": 0.006621073479764163, "p10": 0.00975119745342555, "median": 0.012010917863752416, "p90": 0.013050059075237918, "max": 0.01709836524030005}, "time_to_first_token": {"mean": 0.07228159767215733, "min": 0.03189101000316441, "p10": 0.049907196039566774, "median": 0.064944234007271, "p90": 0.10517473911750132, "max": 0.15289163799025118}, "inter_token_latency": {"mean": 0.011854643872728953, "min": 1.960026565939188e-06, "p10": 1.8690014258027077e-05, "median": 0.0001449950214009732, "p90": 0.023389752686489382, "max": 0.09548230899963528}}, "throughput": {"input_tokens_per_sec": 2016.9145676395215, "output_tokens_per_sec": 1951.6609434392005, "total_tokens_per_sec": 3968.575511078722, "requests_per_sec": 9.45912408790066}, "prompt_len": {"mean": 213.22424242424242, "min": 10.0, "p10": 14.0, "median": 89.0, "p90": 614.0, "max": 982.0}, "output_len": {"mean": 206.32575757575756, "min": 5.0, "p10": 14.0, "median": 150.0, "p90": 487.1, "max": 842.0}}, "failures": {"count": 0, "request_latency": null, "prompt_len": null}}