{"load_summary": {"count": 60, "schedule_delay": {"mean": 0.000547634893640255, "min": -0.00033625762443989515, "p0.1": -0.00033308749046409504, "p1": -0.0003045562846818939, "p5": -0.00011670111562125383, "p10": -1.0382768232375372e-05, "p25": 0.00022310881468001753, "median": 0.0005276523297652602, "p75": 0.0007994787156349048, "p90": 0.0011827715556137265, "p95": 0.0012097995291696858, "p99": 0.0014903707464691241, "p99.9": 0.0016435028546256973, "max": 0.0016605175333097577}, "send_duration": 59.58630222000647, "requested_rate": 1.0, "achieved_rate": 1.0069428335805444}, "successes": {"count": 60, "latency": {"request_latency": {"mean": 1.8275073641979058, "min": 1.776389406004455, "p0.1": 1.77654313245113, "p1": 1.7779266704712062, "p5": 1.791624534848961, "p10": 1.799044972966658, "p25": 1.8097982999606756, "median": 1.8301676134578884, "p75": 1.8465294382767752, "p90": 1.8543396462104282, "p95": 1.8574428388557862, "p99": 1.863444463055348, "p99.9": 1.865207332622609, "max": 1.8654032070189714}, "normalized_time_per_output_token": {"mean": 0.014174239979431005, "min": 0.013770460511662442, "p0.1": 0.013771652189543643, "p1": 0.013782377290474468, "p5": 0.01388856228565086, "p10": 0.013946085061757037, "p25": 0.014029444185741672, "median": 0.014187345840758824, "p75": 0.014318550736196665, "p90": 0.014382979221950653, "p95": 0.014404205276446721, "p99": 0.01452321465634548, "p99.9": 0.014604450765589859, "max": 0.014613476999950343}, "time_per_output_token": null, "time_to_first_token": null, "inter_token_latency": null}, "throughput": {"input_tokens_per_sec": 132.65988973817758, "output_tokens_per_sec": 126.01386382791524, "total_tokens_per_sec": 258.67375356609284, "requests_per_sec": 0.9773567515091668}, "prompt_len": {"mean": 135.73333333333332, "min": 131.0, "p0.1": 131.0, "p1": 131.0, "p5": 131.95, "p10": 132.0, "p25": 133.0, "median": 136.0, "p75": 138.0, "p90": 139.0, "p95": 140.05, "p99": 141.41, "p99.9": 141.941, "max": 142.0}, "output_len": {"mean": 128.93333333333334, "min": 126.0, "p0.1": 126.118, "p1": 127.18, "p5": 129.0, "p10": 129.0, "p25": 129.0, "median": 129.0, "p75": 129.0, "p90": 129.0, "p95": 129.0, "p99": 129.0, "p99.9": 129.0, "max": 129.0}}, "failures": {"count": 0, "request_latency": null, "prompt_len": null}}