{"load_summary": {"count": 1260, "schedule_delay": {"mean": 0.0004630878653159247, "min": -0.0009963621851056814, "p10": -0.00022471119882538915, "median": 0.00041015626629814506, "p90": 0.001182237907778472, "max": 0.0038507511490024626}, "send_duration": 59.934984042018186, "requested_rate": 21.0, "achieved_rate": 21.02278026997823}, "successes": {"count": 1260, "latency": {"request_latency": {"mean": 13.791021216496, "min": 0.2605039570480585, "p10": 1.0218010219919962, "median": 9.802259899995988, "p90": 30.95306367140732, "max": 59.623060774989426}, "normalized_time_per_output_token": {"mean": 0.10892500478117804, "min": 0.020299271795642088, "p10": 0.03634148022772714, "median": 0.0650899563277825, "p90": 0.24788907724931633, "max": 1.6405509495991282}, "time_per_output_token": {"mean": 0.02698278324348757, "min": 0.007625247827522328, "p10": 0.015030196405269073, "median": 0.029004714554672156, "p90": 0.0362803157453819, "max": 0.0433075651298682}, "time_to_first_token": {"mean": 2.039622587035087, "min": 0.03874101000837982, "p10": 0.06878828603657894, "median": 0.18702757751452737, "p90": 6.771245465998073, "max": 7.775381991988979}, "inter_token_latency": {"mean": 0.026944858744216687, "min": 1.9100261852145195e-06, "p10": 1.5910016372799873e-05, "median": 0.00018075498519465327, "p90": 0.0801318310026545, "max": 0.17397847800748423}}, "throughput": {"input_tokens_per_sec": 3154.4975425861576, "output_tokens_per_sec": 3136.4506766725185, "total_tokens_per_sec": 6290.9482192586765, "requests_per_sec": 14.539035198967582}, "prompt_len": {"mean": 216.9674603174603, "min": 10.0, "p10": 15.0, "median": 116.5, "p90": 579.2000000000003, "max": 1012.0}, "output_len": {"mean": 215.72619047619048, "min": 5.0, "p10": 13.0, "median": 152.5, "p90": 518.4000000000005, "max": 980.0}}, "failures": {"count": 0, "request_latency": null, "prompt_len": null}}