{"load_summary": {"count": 5211, "schedule_delay": {"mean": 35.712173666806066, "min": -0.001177386671770364, "p0.1": -0.0007766316877678037, "p1": -0.00015907228225842118, "p5": 0.0006620544299948961, "p10": 1.6851886935182847, "p25": 14.025019488064572, "median": 36.076919874351006, "p75": 56.62682312756078, "p90": 69.26651245349785, "p95": 73.40952650897088, "p99": 77.24169224973883, "p99.9": 77.51512247676263, "max": 77.58924754324835}, "send_duration": 137.56558480201056, "requested_rate": 86.86, "achieved_rate": 37.8801137471982}, "successes": {"count": 5211, "latency": {"request_latency": {"mean": 11.853663449691505, "min": 6.266355064988602, "p0.1": 6.346314948820509, "p1": 6.556620852591005, "p5": 8.302897313493304, "p10": 9.977034287992865, "p25": 10.11770217702724, "median": 12.966680161014665, "p75": 13.19658912398154, "p90": 13.323739123006817, "p95": 13.366088059527101, "p99": 13.41410073552397, "p99.9": 13.461464230121928, "max": 13.480742211977486}, "normalized_time_per_output_token": {"mean": 0.09591006708905567, "min": 0.0, "p0.1": 0.0, "p1": 0.050618229031810076, "p5": 0.05652321487275722, "p10": 0.07734103494616182, "p25": 0.07846532362786685, "median": 0.10054141517084222, "p75": 0.10238710940317358, "p90": 0.10340416820281462, "p95": 0.10375263636039259, "p99": 0.1053364476635535, "p99.9": 1.813482828265939, "max": 4.308935664671783}, "time_per_output_token": null, "time_to_first_token": null, "inter_token_latency": null}, "throughput": {"input_tokens_per_sec": 4833.67453025869, "output_tokens_per_sec": 4565.522619978887, "total_tokens_per_sec": 9399.197150237576, "requests_per_sec": 35.59556767037019}, "prompt_len": {"mean": 135.79428132796008, "min": 130.0, "p0.1": 130.0, "p1": 131.0, "p5": 132.0, "p10": 132.0, "p25": 134.0, "median": 136.0, "p75": 138.0, "p90": 139.0, "p95": 141.0, "p99": 143.0, "p99.9": 147.0, "max": 150.0}, "output_len": {"mean": 128.260986374976, "min": 0.0, "p0.1": 0.0, "p1": 125.0, "p5": 128.0, "p10": 129.0, "p25": 129.0, "median": 129.0, "p75": 129.0, "p90": 129.0, "p95": 129.0, "p99": 129.0, "p99.9": 130.0, "max": 135.0}}, "failures": {"count": 0, "request_latency": null, "prompt_len": null}}