{"load_summary": {}, "successes": {"count": 1976, "rate": 14.116359, "prompt_len": {"mean": 3570, "rate": 3351.862376}, "output_len": {"mean": 2626, "rate": 2907.440465}, "queue_len": {"mean": 146}, "request_latency": {"mean": 23.75282, "median": 19.181818, "p90": 44.705036, "p99": 98.828571}, "time_to_first_token": {"mean": 10.175961, "median": 13.460196, "p90": 18.692039, "p99": 19.869204}, "time_per_output_token": {"mean": 0.069403, "median": 0.06205, "p90": 0.12924, "p99": 0.185341}, "kv_cache_usage_percentage": {"mean": 0.508616, "median": 0.563876, "p90": 0.691748, "p99": 0.716064}, "num_requests_swapped": {"mean": 0}, "num_preemptions_total": {"mean": 0}, "prefix_cache_hit_percent": {"mean": 0.7709618557536707}}, "failures": {}}