{"load_summary": {}, "successes": {"count": 370, "rate": 4.165535, "prompt_len": {"mean": 917, "rate": 1163.263342}, "output_len": {"mean": 640, "rate": 763.12153}, "queue_len": {"mean": 0}, "request_latency": {"mean": 3.426435, "median": 1.725, "p90": 9.645833, "p99": 14.562903}, "time_to_first_token": {"mean": 0.046558, "median": 0.039574, "p90": 0.07539, "p99": 0.1936}, "time_per_output_token": {"mean": 0.018898, "median": 0.017923, "p90": 0.024261, "p99": 0.063467}, "kv_cache_usage_percentage": {"mean": 0.030439, "median": 0.031712, "p90": 0.051915, "p99": 0.063268}, "num_requests_swapped": {"mean": 0}, "num_preemptions_total": {"mean": 0}, "prefix_cache_hit_percent": {"mean": 0.09561348897254573}}, "failures": {}}