{"load_summary": {}, "successes": {"count": 8695, "rate": 10.35119, "prompt_len": {"mean": 690, "rate": 2337.960714}, "output_len": {"mean": 556, "rate": 2178.385714}, "queue_len": {"mean": 51}, "request_latency": {"mean": 16.395594, "median": 13.367664, "p90": 36.619107, "p99": 59.25}, "time_to_first_token": {"mean": 5.027955, "median": 3.067568, "p90": 17.087508, "p99": 19.708751}, "time_per_output_token": {"mean": 0.05462, "median": 0.046544, "p90": 0.104933, "p99": 0.16617}, "kv_cache_usage_percentage": {"mean": 0.270783, "median": 0.209468, "p90": 0.604031, "p99": 0.700191}, "num_requests_swapped": {"mean": 0}, "num_preemptions_total": {"mean": 0}, "prefix_cache_hit_percent": {"mean": 0.639247715616564}}, "failures": {}}