{"load_summary": {"count": 54506, "schedule_delay": {"mean": 111.10056415736206, "min": -0.0011957856477238238, "p0.1": -0.0007536343240644783, "p1": -8.847601420711726e-05, "p5": 0.0014661830646218732, "p10": 8.092304446414346, "p25": 35.93003961298382, "median": 93.33057393200579, "p75": 172.5654616949614, "p90": 247.19640918678488, "p95": 281.26724567834754, "p99": 328.2826349560433, "p99.9": 339.6990227507628, "max": 340.14488712506136}}, "successes": {"count": 54506, "latency": {"request_latency": {"mean": 11.566203603606615, "min": 1.776389406004455, "p0.1": 1.8560035154942307, "p1": 6.754337335244054, "p5": 8.875205633506994, "p10": 8.909491575002903, "p25": 9.073776965524303, "median": 12.566215817525517, "p75": 12.711013112755609, "p90": 12.783830114989541, "p95": 13.260835758497706, "p99": 14.875193821213907, "p99.9": 15.210519552670888, "max": 15.307934734039009}, "normalized_time_per_output_token": {"mean": 0.0966245854295612, "min": 0.0, "p0.1": 0.0, "p1": 0.052021802896105813, "p5": 0.06876907664156688, "p10": 0.06907339948464128, "p25": 0.07040106024400894, "median": 0.0974377358603912, "p75": 0.09857054280415864, "p90": 0.10022466450668771, "p95": 0.10316973774594186, "p99": 0.1160217851125581, "p99.9": 3.0513473326036786, "max": 7.077446809009416}, "time_per_output_token": null, "time_to_first_token": null, "inter_token_latency": null}, "throughput": {"input_tokens_per_sec": 4546.833867729478, "output_tokens_per_sec": 4294.501674240064, "total_tokens_per_sec": 8841.335541969542, "requests_per_sec": 33.480084075788696}, "prompt_len": {"mean": 135.80712215168973, "min": 130.0, "p0.1": 130.0, "p1": 131.0, "p5": 132.0, "p10": 132.0, "p25": 134.0, "median": 136.0, "p75": 138.0, "p90": 140.0, "p95": 141.0, "p99": 143.0, "p99.9": 147.0, "max": 150.0}, "output_len": {"mean": 128.2703372105823, "min": 0.0, "p0.1": 0.0, "p1": 125.0, "p5": 128.0, "p10": 129.0, "p25": 129.0, "median": 129.0, "p75": 129.0, "p90": 129.0, "p95": 129.0, "p99": 129.0, "p99.9": 130.0, "max": 191.0}}, "failures": {"count": 0, "request_latency": null, "prompt_len": null}}