{"load_summary": {"count": 23843, "schedule_delay": {"mean": 1.1276805727643184, "min": -0.001979391323402524, "p0.1": -0.0011202684054151177, "p1": -0.000850802653003484, "p5": -0.00054766486864537, "p10": -0.0003551783040165901, "p25": -6.591551937162876e-06, "median": 0.0004610039759427309, "p75": 0.0013282697182148695, "p90": 5.893928927229716, "p95": 8.246972197771537, "p99": 10.038866019367706, "p99.9": 10.46316255571344, "max": 10.50104356999509}}, "successes": {"count": 23843, "latency": {"request_latency": {"mean": 2.455080567689043, "min": 0.09037972195073962, "p0.1": 0.10266196297295392, "p1": 0.12636111470870673, "p5": 0.19777095343451948, "p10": 0.3093800438335166, "p25": 0.9214590434567071, "median": 2.101507453015074, "p75": 3.809575710038189, "p90": 5.11167157702148, "p95": 5.7690633849822905, "p99": 6.3998025887017125, "p99.9": 6.669191686710576, "max": 6.885588051052764}, "normalized_time_per_output_token": {"mean": 0.03396183662558684, "min": 0.007077324953645506, "p0.1": 0.007188590048663366, "p1": 0.007668769390119164, "p5": 0.008160164216286691, "p10": 0.008515046027235117, "p25": 0.009691547011760504, "median": 0.012280077156702093, "p75": 0.03244634714706347, "p90": 0.08460078032361273, "p95": 0.1424979382115334, "p99": 0.25924231803979536, "p99.9": 0.3275485600443263, "max": 0.35060243090530013}, "time_per_output_token": {"mean": 0.005237443588772472, "min": 0.003035150335303375, "p0.1": 0.0032572758177297255, "p1": 0.0035423523191969062, "p5": 0.003790274424997733, "p10": 0.004022845725470424, "p25": 0.004567634170255332, "median": 0.0054007095704381326, "p75": 0.0059654974047582444, "p90": 0.006088523875332903, "p95": 0.006140548483209943, "p99": 0.006258889465295532, "p99.9": 0.006460802380280157, "max": 0.007116591055436354}, "time_to_first_token": {"mean": 1.2117213549167936, "min": 0.019735428970307112, "p0.1": 0.022145002463599666, "p1": 0.02449563713045791, "p5": 0.02707199639407918, "p10": 0.02888879959937185, "p25": 0.03261806652881205, "median": 0.046271012048237026, "p75": 2.5353798895375803, "p90": 3.44444933841005, "p95": 3.5236341923824512, "p99": 3.703224714407697, "p99.9": 3.8226839838763707, "max": 3.863943431992084}, "inter_token_latency": {"mean": 0.005320278795689512, "min": 1.7329584807157516e-06, "p0.1": 3.044959157705307e-06, "p1": 7.726950570940971e-06, "p5": 1.0033021681010723e-05, "p10": 1.1379946954548359e-05, "p25": 1.5367986634373665e-05, "median": 4.540500231087208e-05, "p75": 0.010468292981386185, "p90": 0.011968727433122696, "p95": 0.014047665195539592, "p99": 0.017343945810571325, "p99.9": 0.02397198332846243, "max": 0.13120106107089669}}, "throughput": {"input_tokens_per_sec": 3262.0764278094657, "output_tokens_per_sec": 5128.125872436809, "total_tokens_per_sec": 8390.202300246276, "requests_per_sec": 43.72016255764431}, "prompt_len": {"mean": 74.61263263851025, "min": 10.0, "p0.1": 10.0, "p1": 10.0, "p5": 11.0, "p10": 12.0, "p25": 17.0, "median": 38.0, "p75": 119.0, "p90": 206.0, "p95": 231.0, "p99": 252.0, "p99.9": 256.0, "max": 256.0}, "output_len": {"mean": 117.29430021389926, "min": 9.0, "p0.1": 11.0, "p1": 11.0, "p5": 14.0, "p10": 19.0, "p25": 39.0, "median": 109.0, "p75": 189.0, "p90": 232.0, "p95": 244.0, "p99": 255.0, "p99.9": 257.0, "max": 257.0}}, "failures": {"count": 0, "request_latency": null, "prompt_len": null}}