{"load_summary": {"count": 6720, "schedule_delay": {"mean": 2.639029269787092, "min": -0.001530675683170557, "p10": -0.00020138495601713658, "median": 0.0006560098263435066, "p90": 10.731078391539635, "max": 29.371610464528203}}, "successes": {"count": 6720, "latency": {"request_latency": {"mean": 14.255005728696691, "min": 0.19445341697428375, "p10": 0.8843115051218775, "median": 11.687899174517952, "p90": 32.575674133910795, "max": 65.69884691899642}, "normalized_time_per_output_token": {"mean": 0.13671592094649973, "min": 0.014397642281920668, "p10": 0.024698547807023758, "median": 0.0643691254521439, "p90": 0.3293673262454428, "max": 2.4305943193961865}, "time_per_output_token": {"mean": 0.024647451221784175, "min": 0.006390965618525765, "p10": 0.011045965506092117, "median": 0.026345154168299315, "p90": 0.0353161472009449, "max": 0.049674539398401975}, "time_to_first_token": {"mean": 3.6757467413363147, "min": 0.030662478995509446, "p10": 0.05938210196327418, "median": 0.16641143799643032, "p90": 11.125515200995142, "max": 12.528931694978382}, "inter_token_latency": {"mean": 0.024896324720127, "min": 1.8200371414422989e-06, "p10": 1.6300007700920105e-05, "median": 0.000172630010638386, "p90": 0.07463444969034756, "max": 0.5498322929488495}}, "throughput": {"input_tokens_per_sec": 2150.7913751244855, "output_tokens_per_sec": 2072.3379850105575, "total_tokens_per_sec": 4223.1293601350435, "requests_per_sec": 9.872046692487386}, "prompt_len": {"mean": 217.86681547619048, "min": 10.0, "p10": 14.0, "median": 111.0, "p90": 585.0, "max": 1021.0}, "output_len": {"mean": 209.91979166666667, "min": 5.0, "p10": 14.0, "median": 153.5, "p90": 497.0, "max": 981.0}}, "failures": {"count": 0, "request_latency": null, "prompt_len": null}}