{
  "benchmark_time_seconds": 9.757906022015959,
  "load_summary": {
    "count": 10,
    "schedule_delay": {
      "mean": 0.9258558907546103,
      "min": 0.0014349110424518585,
      "max": 3.449250873643905,
      "p0.1": 0.0014387549706734717,
      "p1": 0.0014733503246679902,
      "p5": 0.001627107453532517,
      "p10": 0.0018193038646131753,
      "p25": 0.0021380160469561815,
      "median": 0.12113421317189932,
      "p75": 1.9071925445459783,
      "p90": 2.2843397497665134,
      "p95": 2.866795311705208,
      "p99": 3.332759761256166,
      "p99.9": 3.4376017624051327
    },
    "send_duration": 9.246548518072814,
    "requested_rate": 1.0,
    "achieved_rate": 1.0814846188774687
  },
  "successes": {
    "count": 10,
    "latency": {
      "request_latency": {
        "mean": 1.9828977999743074,
        "min": 0.509568880777806,
        "max": 5.713589969091117,
        "p0.1": 0.5095849783862941,
        "p1": 0.5097298568626866,
        "p5": 0.5103737612022087,
        "p10": 0.5111786416266113,
        "p25": 0.802951795514673,
        "median": 1.4269865409005433,
        "p75": 2.988925206242129,
        "p90": 3.798503536311909,
        "p95": 4.756046752701511,
        "p99": 5.522081325813197,
        "p99.9": 5.694439104763329
      },
      "normalized_time_per_output_token": {
        "mean": 0.12393111249839421,
        "min": 0.03184805504861288,
        "max": 0.35709937306819484,
        "p0.1": 0.03184906114914338,
        "p1": 0.03185811605391791,
        "p5": 0.03189836007513804,
        "p10": 0.03194866510166321,
        "p25": 0.05018448721966706,
        "median": 0.08918665880628396,
        "p75": 0.18680782539013308,
        "p90": 0.2374064710194943,
        "p95": 0.29725292204384446,
        "p99": 0.3451300828633248,
        "p99.9": 0.35590244404770804
      },
      "time_per_output_token": {
        "mean": 0.018293132490168014,
        "min": 1.6328940788904825e-05,
        "max": 0.05279692237575849,
        "p0.1": 1.6341808966050545e-05,
        "p1": 1.645762256036202e-05,
        "p5": 1.69723496461908e-05,
        "p10": 1.7615758503476777e-05,
        "p25": 0.007447946242367227,
        "median": 0.008010964157680671,
        "p75": 0.030608762831737597,
        "p90": 0.04391369469774266,
        "p95": 0.04835530853675056,
        "p99": 0.05190859960795691,
        "p99.9": 0.052708090098978345
      },
      "time_to_first_token": {
        "mean": 1.7056903838180006,
        "min": 0.39358346397057176,
        "max": 5.70677299099043,
        "p0.1": 0.3936111473054625,
        "p1": 0.3938602973194793,
        "p5": 0.39496763071510943,
        "p10": 0.39635179745964705,
        "p25": 0.6830306244082749,
        "median": 0.9088144768029451,
        "p75": 2.2797366603044793,
        "p90": 3.7956322984769932,
        "p95": 4.75120264473371,
        "p99": 5.515658921739087,
        "p99.9": 5.687661584065299
      },
      "inter_token_latency": {
        "mean": 0.018293132490168014,
        "min": 1.2361910194158554e-05,
        "max": 0.12704427959397435,
        "p0.1": 1.2419984210282564e-05,
        "p1": 1.302479300647974e-05,
        "p5": 1.3637496158480644e-05,
        "p10": 1.4615384861826896e-05,
        "p25": 0.0049274436896666884,
        "median": 0.007696798769757152,
        "p75": 0.009216240257956088,
        "p90": 0.06549814539030194,
        "p95": 0.11475591133348644,
        "p99": 0.12382815812248732,
        "p99.9": 0.12698330041998998
      }
    },
    "throughput": {
      "input_tokens_per_sec": 33.61376910783529,
      "output_tokens_per_sec": 16.39696054040746,
      "total_tokens_per_sec": 50.01072964824275,
      "requests_per_sec": 1.0248100337754662,
      "images_per_sec": 1.0248100337754662,
      "videos_per_sec": 1.0248100337754662,
      "audios_per_sec": 0.0
    },
    "request_size_bytes": {
      "mean": 63565.2,
      "min": 58918.0,
      "max": 104800.0,
      "p0.1": 58918.216,
      "p1": 58920.16,
      "p5": 58928.8,
      "p10": 58939.6,
      "p25": 58950.5,
      "median": 58978.5,
      "p75": 59023.25,
      "p90": 63666.39999999999,
      "p95": 84233.19999999995,
      "p99": 100686.64000000001,
      "p99.9": 104388.66400000006
    },
    "prompt_len": {
      "mean": 32.8,
      "min": 32.0,
      "max": 37.0,
      "p0.1": 32.0,
      "p1": 32.0,
      "p5": 32.0,
      "p10": 32.0,
      "p25": 32.0,
      "median": 32.0,
      "p75": 32.0,
      "p90": 35.2,
      "p95": 36.099999999999994,
      "p99": 36.82,
      "p99.9": 36.982
    },
    "image": {
      "count": {
        "mean": 1.0,
        "min": 1.0,
        "max": 1.0,
        "p0.1": 1.0,
        "p1": 1.0,
        "p5": 1.0,
        "p10": 1.0,
        "p25": 1.0,
        "median": 1.0,
        "p75": 1.0,
        "p90": 1.0,
        "p95": 1.0,
        "p99": 1.0,
        "p99.9": 1.0
      },
      "pixels": {
        "mean": 2073600.0,
        "min": 2073600.0,
        "max": 2073600.0,
        "p0.1": 2073600.0,
        "p1": 2073600.0,
        "p5": 2073600.0,
        "p10": 2073600.0,
        "p25": 2073600.0,
        "median": 2073600.0,
        "p75": 2073600.0,
        "p90": 2073600.0,
        "p95": 2073600.0,
        "p99": 2073600.0,
        "p99.9": 2073600.0
      },
      "bytes": {
        "mean": 30122.0,
        "min": 30121.0,
        "max": 30123.0,
        "p0.1": 30121.0,
        "p1": 30121.0,
        "p5": 30121.0,
        "p10": 30121.0,
        "p25": 30122.0,
        "median": 30122.0,
        "p75": 30122.0,
        "p90": 30123.0,
        "p95": 30123.0,
        "p99": 30123.0,
        "p99.9": 30123.0
      },
      "aspect_ratio": {
        "mean": 1.777777777777778,
        "min": 1.7777777777777777,
        "max": 1.7777777777777777,
        "p0.1": 1.7777777777777777,
        "p1": 1.7777777777777777,
        "p5": 1.7777777777777777,
        "p10": 1.7777777777777777,
        "p25": 1.7777777777777777,
        "median": 1.7777777777777777,
        "p75": 1.7777777777777777,
        "p90": 1.7777777777777777,
        "p95": 1.7777777777777777,
        "p99": 1.7777777777777777,
        "p99.9": 1.7777777777777777
      }
    },
    "video": {
      "count": {
        "mean": 1.0,
        "min": 1.0,
        "max": 1.0,
        "p0.1": 1.0,
        "p1": 1.0,
        "p5": 1.0,
        "p10": 1.0,
        "p25": 1.0,
        "median": 1.0,
        "p75": 1.0,
        "p90": 1.0,
        "p95": 1.0,
        "p99": 1.0,
        "p99.9": 1.0
      },
      "frames": {
        "mean": 32.0,
        "min": 32.0,
        "max": 32.0,
        "p0.1": 32.0,
        "p1": 32.0,
        "p5": 32.0,
        "p10": 32.0,
        "p25": 32.0,
        "median": 32.0,
        "p75": 32.0,
        "p90": 32.0,
        "p95": 32.0,
        "p99": 32.0,
        "p99.9": 32.0
      },
      "pixels": {
        "mean": 921600.0,
        "min": 921600.0,
        "max": 921600.0,
        "p0.1": 921600.0,
        "p1": 921600.0,
        "p5": 921600.0,
        "p10": 921600.0,
        "p25": 921600.0,
        "median": 921600.0,
        "p75": 921600.0,
        "p90": 921600.0,
        "p95": 921600.0,
        "p99": 921600.0,
        "p99.9": 921600.0
      },
      "bytes": {
        "mean": 17074.1,
        "min": 13625.0,
        "max": 47994.0,
        "p0.1": 13625.0,
        "p1": 13625.0,
        "p5": 13625.0,
        "p10": 13625.0,
        "p25": 13625.0,
        "median": 13625.0,
        "p75": 13670.5,
        "p90": 17115.899999999987,
        "p95": 32554.94999999996,
        "p99": 44906.19,
        "p99.9": 47685.21900000005
      },
      "aspect_ratio": {
        "mean": 1.777777777777778,
        "min": 1.7777777777777777,
        "max": 1.7777777777777777,
        "p0.1": 1.7777777777777777,
        "p1": 1.7777777777777777,
        "p5": 1.7777777777777777,
        "p10": 1.7777777777777777,
        "p25": 1.7777777777777777,
        "median": 1.7777777777777777,
        "p75": 1.7777777777777777,