{"load_summary": {"count": 2453, "schedule_delay": {"mean": 0.0003091828491636717, "min": -0.0011328522814437747, "p0.1": -0.0010878902692347764, "p1": -0.0008560157241299749, "p5": -0.0005718733416870236, "p10": -0.00041413523722440005, "p25": -0.0001010220730677247, "median": 0.0002595105906948447, "p75": 0.0006482056342065334, "p90": 0.001022940082475544, "p95": 0.0013658240204676988, "p99": 0.0022835367918014526, "p99.9": 0.0032055747229605934, "max": 0.004552858299575746}, "send_duration": 59.98541485401802, "requested_rate": 40.89, "achieved_rate": 40.89327390616004}, "successes": {"count": 2453, "latency": {"request_latency": {"mean": 1.7133779468255355, "min": 0.10132575407624245, "p0.1": 0.12409425043594093, "p1": 0.17215139925014228, "p5": 0.2530498025706038, "p10": 0.33773478062357754, "p25": 0.6688481270102784, "median": 1.6317839149851352, "p75": 2.6085823819739744, "p90": 3.2254968927940357, "p95": 3.5759567158063876, "p99": 4.2031871632207185, "p99.9": 4.650260275160444, "max": 4.855758470017463}, "normalized_time_per_output_token": {"mean": 0.015477438006245545, "min": 0.005380004357513306, "p0.1": 0.006318597970295539, "p1": 0.008227782899214248, "p5": 0.010491838325007344, "p10": 0.011623061721423652, "p25": 0.013301366498447298, "median": 0.015331923621832519, "p75": 0.017521211004350334, "p90": 0.0195788300228689, "p95": 0.02113165036718728, "p99": 0.023308911966838892, "p99.9": 0.02578056421674715, "max": 0.026798592289976244}, "time_per_output_token": {"mean": 0.010989594662199165, "min": 0.005537541949057153, "p0.1": 0.006006922665806978, "p1": 0.00741002343917358, "p5": 0.00891635682417471, "p10": 0.00937522181227397, "p25": 0.010242247476095432, "median": 0.011310975468971826, "p75": 0.011859559528992867, "p90": 0.012253438193185388, "p95": 0.012414064185697545, "p99": 0.012829872209391847, "p99.9": 0.013000679671126442, "max": 0.013040373365124949}, "time_to_first_token": {"mean": 0.054486173291262006, "min": 0.03128659597132355, "p0.1": 0.032337427814491095, "p1": 0.03657984891906381, "p5": 0.04070022879168391, "p10": 0.04303713026456535, "p25": 0.047517488012090325, "median": 0.053949922090396285, "p75": 0.06111043901182711, "p90": 0.06677649142220618, "p95": 0.06978488883469254, "p99": 0.0753679253300652, "p99.9": 0.08226783912861758, "max": 0.0966872499557212}, "inter_token_latency": {"mean": 0.011233627180077642, "min": 2.572080120444298e-06, "p0.1": 2.98104714602232e-06, "p1": 4.431544803082943e-06, "p5": 1.0101008228957653e-05, "p10": 1.173198688775301e-05, "p25": 1.6044010408222675e-05, "median": 4.3486012145876884e-05, "p75": 0.022698782035149634, "p90": 0.02495824061334133, "p95": 0.027919845585711298, "p99": 0.03134228522889316, "p99.9": 0.034889110746327785, "max": 0.039219093043357134}}, "throughput": {"input_tokens_per_sec": 2873.9433626977343, "output_tokens_per_sec": 4631.00869225628, "total_tokens_per_sec": 7504.952054954013, "requests_per_sec": 39.45082244175951}, "prompt_len": {"mean": 72.84875662454138, "min": 10.0, "p0.1": 10.0, "p1": 10.0, "p5": 11.0, "p10": 12.0, "p25": 18.0, "median": 38.0, "p75": 114.0, "p90": 196.80000000000018, "p95": 225.4000000000001, "p99": 252.0, "p99.9": 256.0, "max": 256.0}, "output_len": {"mean": 117.38687321646962, "min": 11.0, "p0.1": 11.0, "p1": 11.0, "p5": 14.0, "p10": 20.0, "p25": 41.0, "median": 108.0, "p75": 188.0, "p90": 232.0, "p95": 245.0, "p99": 255.0, "p99.9": 257.0, "max": 257.0}}, "failures": {"count": 0, "request_latency": null, "prompt_len": null}}