{"load_summary": {"count": 658, "schedule_delay": {"mean": 0.0012660065675041098, "min": -0.001445295405574143, "p0.1": -0.0011725985573139042, "p1": -0.0008354830928146839, "p5": -0.0004983618797268719, "p10": -0.0002165364334359765, "p25": 0.00023270948440767825, "median": 0.0007991903112269938, "p75": 0.00238139764405787, "p90": 0.003431363927666098, "p95": 0.003784747683675959, "p99": 0.004576134238159284, "p99.9": 0.0052289307210594506, "max": 0.005304433521814644}, "send_duration": 59.90532556397375, "requested_rate": 10.97, "achieved_rate": 10.983998397560038}, "successes": {"count": 658, "latency": {"request_latency": {"mean": 1.0333382946116734, "min": 0.08308645500801504, "p0.1": 0.0923212035932811, "p1": 0.11078193706460297, "p5": 0.14840836122166365, "p10": 0.20044036072213203, "p25": 0.4269070242589805, "median": 1.0551525400369428, "p75": 1.5530622539517935, "p90": 1.83593708598055, "p95": 2.0130157767678605, "p99": 2.3364022500347343, "p99.9": 2.573369784264709, "max": 2.577624151017517}, "normalized_time_per_output_token": {"mean": 0.00890406951354648, "min": 0.003911980671057505, "p0.1": 0.0039922088113847, "p1": 0.00546220166896071, "p5": 0.00646212193185075, "p10": 0.007040268472163455, "p25": 0.00787816347789283, "median": 0.008732483736543275, "p75": 0.009879990187181442, "p90": 0.010977775139711439, "p95": 0.011811167428896062, "p99": 0.01299603192052421, "p99.9": 0.014086439223632778, "max": 0.014094353617670445}, "time_per_output_token": {"mean": 0.006297125150793228, "min": 0.004616927736523477, "p0.1": 0.004792611224049299, "p1": 0.005021640377907226, "p5": 0.005539592118967059, "p10": 0.005796773586503511, "p25": 0.006127677492510814, "median": 0.006349051216523509, "p75": 0.006533729676808764, "p90": 0.006700948419502416, "p95": 0.0068112332795675, "p99": 0.007061085162383183, "p99.9": 0.007110297382679216, "max": 0.007113564292814859}, "time_to_first_token": {"mean": 0.038774350363482354, "min": 0.027275268104858696, "p0.1": 0.027633650413597933, "p1": 0.02895541979698464, "p5": 0.03075407028081827, "p10": 0.03201134550618008, "p25": 0.03496211030869745, "median": 0.03841869055759162, "p75": 0.04195130750304088, "p90": 0.04546966756461188, "p95": 0.047972632414894176, "p99": 0.05297437367029485, "p99.9": 0.06504148400679823, "max": 0.07620633905753493}, "inter_token_latency": {"mean": 0.006449837775869522, "min": 2.6139896363019943e-06, "p0.1": 2.9307520017027856e-06, "p1": 3.5850098356604576e-06, "p5": 9.902054443955421e-06, "p10": 1.0459916666150093e-05, "p25": 1.2356904335319996e-05, "median": 3.475998528301716e-05, "p75": 0.013024415995460004, "p90": 0.013696088315919041, "p95": 0.01413595585618168, "p99": 0.01565999499871396, "p99.9": 0.022551277761580425, "max": 0.025977436103858054}}, "throughput": {"input_tokens_per_sec": 816.3931548952285, "output_tokens_per_sec": 1301.8888276814248, "total_tokens_per_sec": 2118.2819825766533, "requests_per_sec": 10.600834667108584}, "prompt_len": {"mean": 77.01215805471125, "min": 10.0, "p0.1": 10.0, "p1": 10.0, "p5": 11.0, "p10": 12.0, "p25": 18.0, "median": 40.0, "p75": 124.75, "p90": 206.30000000000007, "p95": 233.0, "p99": 250.0, "p99.9": 254.68600000000015, "max": 256.0}, "output_len": {"mean": 122.81003039513678, "min": 11.0, "p0.1": 11.0, "p1": 11.0, "p5": 15.0, "p10": 20.0, "p25": 44.0, "median": 120.0, "p75": 191.75, "p90": 232.0, "p95": 242.0, "p99": 254.0, "p99.9": 256.0, "max": 256.0}}, "failures": {"count": 0, "request_latency": null, "prompt_len": null}}