{"load_summary": {"count": 1854, "schedule_delay": {"mean": 0.0005405171376355636, "min": -0.0011591188376769423, "p0.1": -0.0010453941053710878, "p1": -0.0007826037611812353, "p5": -0.0005379960348363966, "p10": -0.00033890706254169345, "p25": 2.9024900868535042e-05, "median": 0.0004575480124913156, "p75": 0.0009406085300724953, "p90": 0.0014211233123205603, "p95": 0.0019179857161361724, "p99": 0.0029560816311277457, "p99.9": 0.004170111460611239, "max": 0.004461817326955497}, "send_duration": 59.9733937549172, "requested_rate": 30.91, "achieved_rate": 30.91370829498858}, "successes": {"count": 1854, "latency": {"request_latency": {"mean": 1.271510320013912, "min": 0.08763926499523222, "p0.1": 0.10095773299597204, "p1": 0.14111917178612202, "p5": 0.19145167039241642, "p10": 0.24657346508465708, "p25": 0.49950681682094, "median": 1.2269518745015375, "p75": 1.9262268524616957, "p90": 2.4118879892863334, "p95": 2.638805159239564, "p99": 3.052290108911693, "p99.9": 3.3757549464340637, "max": 3.493831429979764}, "normalized_time_per_output_token": {"mean": 0.011550647684247937, "min": 0.00468088677411692, "p0.1": 0.004797980463316732, "p1": 0.0065932072370523545, "p5": 0.008078862528848483, "p10": 0.008859314746768711, "p25": 0.010017728600719339, "median": 0.011388331037472981, "p75": 0.012890978365509682, "p90": 0.01448154685760124, "p95": 0.015689984380866072, "p99": 0.01803822874142071, "p99.9": 0.019193398778503682, "max": 0.020531456429688705}, "time_per_output_token": {"mean": 0.00813330068205907, "min": 0.005264059330026309, "p0.1": 0.0054125969882889155, "p1": 0.006104029293400678, "p5": 0.00681477023365365, "p10": 0.007151243189145748, "p25": 0.007633276262232365, "median": 0.008164951835135228, "p75": 0.008619717340266713, "p90": 0.009210616194987833, "p95": 0.009413644349803274, "p99": 0.009814368110884347, "p99.9": 0.009979866426831636, "max": 0.010138497301951458}, "time_to_first_token": {"mean": 0.04501489933311162, "min": 0.02883241104427725, "p0.1": 0.030442298830952494, "p1": 0.03200009160442278, "p5": 0.03460610270267352, "p10": 0.03648252097191289, "p25": 0.039669156714808196, "median": 0.044576351065188646, "p75": 0.04941103627788834, "p90": 0.05400414454052225, "p95": 0.05791133157908916, "p99": 0.06417253694380634, "p99.9": 0.07232331179489855, "max": 0.07501713198143989}, "inter_token_latency": {"mean": 0.008319452786127406, "min": 2.5959452614188194e-06, "p0.1": 2.9349626274779438e-06, "p1": 3.726963186636567e-06, "p5": 9.950017556548119e-06, "p10": 1.0979943908751011e-05, "p25": 1.416006125509739e-05, "median": 3.919098526239395e-05, "p75": 0.016234950249781832, "p90": 0.018578908033668996, "p95": 0.020128659089095887, "p99": 0.025794499082257973, "p99.9": 0.029919402127852664, "max": 0.03260287607554346}}, "throughput": {"input_tokens_per_sec": 2214.4850157980195, "output_tokens_per_sec": 3499.6697162304213, "total_tokens_per_sec": 5714.154732028441, "requests_per_sec": 29.934200613094053}, "prompt_len": {"mean": 73.97842502696872, "min": 10.0, "p0.1": 10.0, "p1": 10.0, "p5": 11.0, "p10": 12.0, "p25": 17.0, "median": 36.5, "p75": 121.0, "p90": 204.70000000000005, "p95": 230.0, "p99": 251.0, "p99.9": 255.14700000000016, "max": 256.0}, "output_len": {"mean": 116.91208198489753, "min": 10.0, "p0.1": 11.0, "p1": 11.0, "p5": 15.0, "p10": 20.0, "p25": 40.25, "median": 110.0, "p75": 185.0, "p90": 232.0, "p95": 244.0, "p99": 255.0, "p99.9": 257.0, "max": 257.0}}, "failures": {"count": 0, "request_latency": null, "prompt_len": null}}