{"load_summary": {"count": 1256, "schedule_delay": {"mean": 0.000944785134025974, "min": -0.0015534956473857164, "p0.1": -0.0014804911136161536, "p1": -0.000958581391023472, "p5": -0.0005664738710038364, "p10": -0.00027198309544473886, "p25": 0.000201533199287951, "median": 0.0007445018272846937, "p75": 0.0015444945020135492, "p90": 0.002493228646926582, "p95": 0.0030418620735872537, "p99": 0.003941939311334867, "p99.9": 0.004829166840645492, "max": 0.005067366641014814}, "send_duration": 59.98834603198338, "requested_rate": 20.94, "achieved_rate": 20.937400063178124}, "successes": {"count": 1256, "latency": {"request_latency": {"mean": 1.08444690228461, "min": 0.0847807100508362, "p0.1": 0.08891171104973182, "p1": 0.12254516572575085, "p5": 0.1601419267244637, "p10": 0.20178221457172185, "p25": 0.4313849825412035, "median": 1.0221788915223442, "p75": 1.6982134275313001, "p90": 2.027833723463118, "p95": 2.2224118244485, "p99": 2.465906402579277, "p99.9": 2.759682083743993, "max": 2.909952199086547}, "normalized_time_per_output_token": {"mean": 0.00987997967239584, "min": 0.003989199208768291, "p0.1": 0.00436387173078895, "p1": 0.005746935098735169, "p5": 0.0069878157477945325, "p10": 0.007620565453079745, "p25": 0.008538977919065374, "median": 0.009639897988306938, "p75": 0.011081359614593354, "p90": 0.012546046497572669, "p95": 0.013391632947820687, "p99": 0.015228537544317081, "p99.9": 0.016434151177902232, "max": 0.016791882255347446}, "time_per_output_token": {"mean": 0.0069451876283646045, "min": 0.004756692447699606, "p0.1": 0.004861579084536061, "p1": 0.0054953024268615995, "p5": 0.005979196336012757, "p10": 0.00633314011956475, "p25": 0.006726519640481644, "median": 0.007002274719043102, "p75": 0.0072267305884825845, "p90": 0.007525902020279318, "p95": 0.007702230389810339, "p99": 0.007899769631177807, "p99.9": 0.008148011880621494, "max": 0.00818984140728221}, "time_to_first_token": {"mean": 0.04081917175873714, "min": 0.027659634011797607, "p0.1": 0.027793645835481585, "p1": 0.030138659302610903, "p5": 0.03236686874879524, "p10": 0.03392533800797537, "p25": 0.03681222998420708, "median": 0.04053907247725874, "p75": 0.04434390604728833, "p90": 0.04816067253705114, "p95": 0.05067761125974357, "p99": 0.05577891918364916, "p99.9": 0.06194750067428687, "max": 0.06437680101953447}, "inter_token_latency": {"mean": 0.007111316579713702, "min": 2.625049091875553e-06, "p0.1": 2.936946111731231e-06, "p1": 3.6280544009059668e-06, "p5": 1.0104966349899769e-05, "p10": 1.0889023542404175e-05, "p25": 1.3465061783790588e-05, "median": 3.6597950384020805e-05, "p75": 0.014182611514115706, "p90": 0.015005041030235589, "p95": 0.015685693244449794, "p99": 0.02086193347349763, "p99.9": 0.026328988306340766, "max": 0.030177916982211173}}, "throughput": {"input_tokens_per_sec": 1514.8932655014244, "output_tokens_per_sec": 2405.08626231382, "total_tokens_per_sec": 3919.979527815244, "requests_per_sec": 20.45634418274638}, "prompt_len": {"mean": 74.05493630573248, "min": 10.0, "p0.1": 10.0, "p1": 10.0, "p5": 11.0, "p10": 12.0, "p25": 17.0, "median": 38.0, "p75": 117.0, "p90": 201.0, "p95": 227.0, "p99": 251.0, "p99.9": 255.49000000000024, "max": 256.0}, "output_len": {"mean": 117.57165605095541, "min": 11.0, "p0.1": 11.0, "p1": 11.0, "p5": 14.0, "p10": 19.0, "p25": 41.0, "median": 105.0, "p75": 193.0, "p90": 232.0, "p95": 247.0, "p99": 255.0, "p99.9": 257.0, "max": 257.0}}, "failures": {"count": 0, "request_latency": null, "prompt_len": null}}