{"load_summary": {"count": 60, "schedule_delay": {"mean": 0.0001679517503362149, "min": -0.0011034206254407763, "p0.1": -0.0011022118648979812, "p1": -0.0010913330200128257, "p5": -0.0010022772126831113, "p10": -0.0007563340361230075, "p25": -0.0002481505216564983, "median": 0.00021037395345047116, "p75": 0.0006473081011790782, "p90": 0.0009507706039585174, "p95": 0.001107223401777446, "p99": 0.0014193830045405769, "p99.9": 0.0015047106562415154, "max": 0.0015141915064305067}, "send_duration": 59.98379546403885, "requested_rate": 1.0, "achieved_rate": 1.0002701485598868}, "successes": {"count": 60, "latency": {"request_latency": {"mean": 0.7976201111043337, "min": 0.11548433499410748, "p0.1": 0.11573531049385201, "p1": 0.11799408999155275, "p5": 0.1270761035149917, "p10": 0.14904347037663684, "p25": 0.30335087527055293, "median": 0.7335593810421415, "p75": 1.1930858920095488, "p90": 1.6359412325313316, "p95": 1.783330243831733, "p99": 1.9255179401696658, "p99.9": 1.938982376523549, "max": 1.9404784250073135}, "normalized_time_per_output_token": {"mean": 0.008287192883309131, "min": 0.003664527057887064, "p0.1": 0.0037119630473774713, "p1": 0.004138886952791139, "p5": 0.006030396285807856, "p10": 0.00622814838067478, "p25": 0.007071376132511499, "median": 0.008038072459525071, "p75": 0.009351783721389699, "p90": 0.010580475523137383, "p95": 0.010825436704516187, "p99": 0.012212862800795669, "p99.9": 0.012899040336786073, "max": 0.012975282285229437}, "time_per_output_token": {"mean": 0.005652634826465867, "min": 0.004705175066677233, "p0.1": 0.00471122252343533, "p1": 0.004765649634258201, "p5": 0.004933547540841733, "p10": 0.005173024837613891, "p25": 0.005515613029333582, "median": 0.005787972815846528, "p75": 0.00586338570451056, "p90": 0.005892432728310918, "p95": 0.005909182702638154, "p99": 0.00595275705127379, "p99.9": 0.005963663436518251, "max": 0.005964875257100969}, "time_to_first_token": {"mean": 0.039332198157596095, "min": 0.03088903008028865, "p0.1": 0.030908440129132943, "p1": 0.031083130568731576, "p5": 0.03261169070610777, "p10": 0.03468762672273442, "p25": 0.03594658771180548, "median": 0.038761556963436306, "p75": 0.042377217003377154, "p90": 0.04504173896275461, "p95": 0.046824844746151936, "p99": 0.051059677270241056, "p99.9": 0.0545588977290318, "max": 0.054947700002230704}, "inter_token_latency": {"mean": 0.005813156472797555, "min": 2.7350615710020065e-06, "p0.1": 2.8887921944260597e-06, "p1": 3.415619721636176e-06, "p5": 9.699008660390974e-06, "p10": 1.0040937922894955e-05, "p25": 1.106673153117299e-05, "median": 3.140157787129283e-05, "p75": 0.011990978295216337, "p90": 0.012423550966195763, "p95": 0.012552205409156159, "p99": 0.012810367638012394, "p99.9": 0.013849679223960267, "max": 0.020135035971179605}}, "throughput": {"input_tokens_per_sec": 73.64124305272091, "output_tokens_per_sec": 103.566187682908, "total_tokens_per_sec": 177.20743073562892, "requests_per_sec": 0.9827568023049944}, "prompt_len": {"mean": 74.93333333333334, "min": 10.0, "p0.1": 10.0, "p1": 10.0, "p5": 10.95, "p10": 13.0, "p25": 18.0, "median": 41.0, "p75": 136.25, "p90": 188.20000000000005, "p95": 245.29999999999998, "p99": 254.82, "p99.9": 255.882, "max": 256.0}, "output_len": {"mean": 105.38333333333334, "min": 11.0, "p0.1": 11.059, "p1": 11.59, "p5": 13.95, "p10": 15.9, "p25": 33.0, "median": 96.0, "p75": 156.5, "p90": 215.20000000000002, "p95": 232.74999999999994, "p99": 249.41, "p99.9": 249.941, "max": 250.0}}, "failures": {"count": 0, "request_latency": null, "prompt_len": null}}