{"load_summary": {"count": 3649, "schedule_delay": {"mean": 0.5776071820827826, "min": -0.0011166657786816359, "p0.1": -0.0010463544502854348, "p1": -0.0008448731433600187, "p5": -0.00048038046807050703, "p10": -0.000279371440410614, "p25": 9.858317207545042e-05, "median": 0.0006828919285908341, "p75": 0.8677313209045678, "p90": 2.3992408592021097, "p95": 2.661505110748112, "p99": 3.4089317511720583, "p99.9": 3.4627723909998336, "max": 3.503390273079276}, "send_duration": 63.430146008962765, "requested_rate": 60.83, "achieved_rate": 57.52785118111491}, "successes": {"count": 3649, "latency": {"request_latency": {"mean": 6.479043235037952, "min": 0.10712515900377184, "p0.1": 0.21967300745751708, "p1": 0.44298240780830384, "p5": 1.2934999806107954, "p10": 2.1126220345497133, "p25": 4.76449643005617, "median": 6.68989545700606, "p75": 8.550980538013391, "p90": 9.921456140163356, "p95": 10.469311215588823, "p99": 11.322632956099696, "p99.9": 11.98586818713614, "max": 12.82475526095368}, "normalized_time_per_output_token": {"mean": 0.10007094737770093, "min": 0.00839107061889906, "p0.1": 0.009695997641908231, "p1": 0.013716526907161438, "p5": 0.02046151231747027, "p10": 0.024660477733392968, "p25": 0.03948342026860425, "median": 0.05727926683520261, "p75": 0.10956797595013325, "p90": 0.24561254735731178, "p95": 0.3518679798108237, "p99": 0.5097444566436267, "p99.9": 0.5977412848501389, "max": 0.6868251033334268}, "time_per_output_token": {"mean": 0.016006281555696878, "min": 0.004810077388985799, "p0.1": 0.006469456757879355, "p1": 0.009928744249647507, "p5": 0.013245515946227197, "p10": 0.014336773708462439, "p25": 0.01571239065141322, "median": 0.016527463503549025, "p75": 0.016791025534232756, "p90": 0.01696056255304447, "p95": 0.017080224711312226, "p99": 0.0177842718771188, "p99.9": 0.01989374819229867, "max": 0.021406457894236633}, "time_to_first_token": {"mean": 4.093438462727352, "min": 0.032191923004575074, "p0.1": 0.03374416432529688, "p1": 0.04262604503426701, "p5": 0.0630477367900312, "p10": 0.5035996011923999, "p25": 1.6769741770112887, "median": 5.344451987999491, "p75": 5.9087050900561735, "p90": 6.15303530562669, "p95": 6.253161043440923, "p99": 6.377741425973364, "p99.9": 6.440921031008479, "max": 6.495397989987396}, "inter_token_latency": {"mean": 0.016384167358713758, "min": 2.5599729269742966e-06, "p0.1": 3.0100345611572266e-06, "p1": 4.726927727460861e-06, "p5": 1.0448601096868517e-05, "p10": 1.261499710381031e-05, "p25": 1.689302735030651e-05, "median": 4.724692553281784e-05, "p75": 0.03336221806239337, "p90": 0.03577907402068377, "p95": 0.037764393747784196, "p99": 0.04209923209622502, "p99.9": 0.053439741379581504, "max": 0.17910941096488386}}, "throughput": {"input_tokens_per_sec": 3744.964011697866, "output_tokens_per_sec": 5863.0870412431605, "total_tokens_per_sec": 9608.051052941028, "requests_per_sec": 50.47266712472674}, "prompt_len": {"mean": 74.19786242806248, "min": 10.0, "p0.1": 10.0, "p1": 10.0, "p5": 11.0, "p10": 12.0, "p25": 17.0, "median": 36.0, "p75": 118.0, "p90": 208.0, "p95": 232.0, "p99": 252.0, "p99.9": 256.0, "max": 256.0}, "output_len": {"mean": 116.16360646752536, "min": 9.0, "p0.1": 11.0, "p1": 11.0, "p5": 14.0, "p10": 19.0, "p25": 38.0, "median": 107.0, "p75": 188.0, "p90": 231.0, "p95": 243.0, "p99": 255.0, "p99.9": 257.0, "max": 257.0}}, "failures": {"count": 0, "request_latency": null, "prompt_len": null}}