{"load_summary": {"count": 3051, "schedule_delay": {"mean": 0.00023526806852580952, "min": -0.0012529827654361725, "p0.1": -0.001030892023118213, "p1": -0.0008286245283670723, "p5": -0.0005736822495236993, "p10": -0.00040509889367967844, "p25": -0.0001217885292135179, "median": 0.00023304612841457129, "p75": 0.0005806914414279163, "p90": 0.0008673970587551594, "p95": 0.0010488530970178545, "p99": 0.0013930994900874794, "p99.9": 0.0021376707183663073, "max": 0.002791508217342198}, "send_duration": 59.99995306797791, "requested_rate": 50.86, "achieved_rate": 50.85003977491983}, "successes": {"count": 3051, "latency": {"request_latency": {"mean": 2.618100164698503, "min": 0.12126594700384885, "p0.1": 0.16628029957646503, "p1": 0.2664675160194747, "p5": 0.4344240919454023, "p10": 0.607852617977187, "p25": 1.1497884329874068, "median": 2.5042922869324684, "p75": 3.9464814764796756, "p90": 4.802476714015938, "p95": 5.253566202474758, "p99": 5.996479623019695, "p99.9": 6.763816326775142, "max": 8.07939125096891}, "normalized_time_per_output_token": {"mean": 0.02513048114930309, "min": 0.006950818525288203, "p0.1": 0.007759241597059943, "p1": 0.010938070531003515, "p5": 0.015145416679955866, "p10": 0.017206477618377892, "p25": 0.019977901313874277, "median": 0.02321210738598821, "p75": 0.027589830405530376, "p90": 0.034842244483082103, "p95": 0.04178207009392233, "p99": 0.06223797113422982, "p99.9": 0.08840375680811156, "max": 0.10473903835835782}, "time_per_output_token": {"mean": 0.015593232554444012, "min": 0.005748922158473809, "p0.1": 0.006188275625262914, "p1": 0.008306531191680549, "p5": 0.012335422972146386, "p10": 0.013691819907928055, "p25": 0.015045147377273273, "median": 0.016273660430063803, "p75": 0.01663977136237007, "p90": 0.01680180344675832, "p95": 0.016960095625882764, "p99": 0.01714728224686581, "p99.9": 0.01720657812516934, "max": 0.017226789654400873}, "time_to_first_token": {"mean": 0.24600253809694908, "min": 0.031216235016472638, "p0.1": 0.033658425277099016, "p1": 0.041795638971962035, "p5": 0.05255222145933658, "p10": 0.05808582005556673, "p25": 0.07217682700138539, "median": 0.18123862310312688, "p75": 0.34900641947751865, "p90": 0.5183107199845836, "p95": 0.767000013962388, "p99": 0.9082172729540616, "p99.9": 0.9929788935056452, "max": 1.0230613850289956}, "inter_token_latency": {"mean": 0.01593834139161292, "min": 2.483953721821308e-06, "p0.1": 3.0058762058615683e-06, "p1": 4.75393608212471e-06, "p5": 1.0423013009130955e-05, "p10": 1.2612901628017426e-05, "p25": 1.683691516518593e-05, "median": 4.738394636660814e-05, "p75": 0.032765120500698686, "p90": 0.035208310931921005, "p95": 0.0373513069935143, "p99": 0.04118986820103601, "p99.9": 0.04516626688418912, "max": 0.05116866796743125}}, "throughput": {"input_tokens_per_sec": 3593.427573131134, "output_tokens_per_sec": 5697.781168631969, "total_tokens_per_sec": 9291.208741763103, "requests_per_sec": 48.1931123979001}, "prompt_len": {"mean": 74.56309406751885, "min": 10.0, "p0.1": 10.0, "p1": 10.0, "p5": 11.0, "p10": 12.0, "p25": 17.0, "median": 39.0, "p75": 119.5, "p90": 204.0, "p95": 232.5, "p99": 252.0, "p99.9": 256.0, "max": 256.0}, "output_len": {"mean": 118.22812192723697, "min": 10.0, "p0.1": 11.0, "p1": 11.0, "p5": 14.0, "p10": 20.0, "p25": 41.0, "median": 112.0, "p75": 189.0, "p90": 231.0, "p95": 244.0, "p99": 254.0, "p99.9": 257.0, "max": 257.0}}, "failures": {"count": 0, "request_latency": null, "prompt_len": null}}