{"load_summary": {"count": 12981, "schedule_delay": {"mean": 0.16271448379586284, "min": -0.0015534956473857164, "p0.1": -0.0011169557739049195, "p1": -0.0008487400365993381, "p5": -0.000546520808711648, "p10": -0.0003570864209905267, "p25": -6.939517334103584e-06, "median": 0.00041501026134938, "p75": 0.0009905078914016485, "p90": 0.16301072796341032, "p95": 1.6639752603368834, "p99": 2.7629349653143453, "p99.9": 3.44256349121221, "max": 3.503390273079276}}, "successes": {"count": 12981, "latency": {"request_latency": {"mean": 3.102997282012762, "min": 0.08308645500801504, "p0.1": 0.10710031404392793, "p1": 0.1460615617921576, "p5": 0.25360702408943325, "p10": 0.3946215700125322, "p25": 0.9596856799907982, "median": 2.0860783320385963, "p75": 4.512455118005164, "p90": 7.706994331092574, "p95": 9.200761014013551, "p99": 10.662951756035913, "p99.9": 11.696097868834624, "max": 12.82475526095368}, "normalized_time_per_output_token": {"mean": 0.040056883520923785, "min": 0.003664527057887064, "p0.1": 0.004964000837431187, "p1": 0.006680272074276948, "p5": 0.008265109561436727, "p10": 0.009259343272253103, "p25": 0.011967690838527775, "median": 0.0185118617999251, "p75": 0.034041493648646386, "p90": 0.07813295426145028, "p95": 0.15554829594666922, "p99": 0.4007528349607716, "p99.9": 0.5628384783559266, "max": 0.6868251033334268}, "time_per_output_token": {"mean": 0.012420022432115747, "min": 0.004616927736523477, "p0.1": 0.005017911591602919, "p1": 0.005728253465970651, "p5": 0.006408593073350991, "p10": 0.006874158959959122, "p25": 0.008383135558318744, "median": 0.012524640683918014, "p75": 0.01645431052578291, "p90": 0.01677873375873756, "p95": 0.01692316017061886, "p99": 0.01720111512561495, "p99.9": 0.018546598374803852, "max": 0.021406457894236633}, "time_to_first_token": {"mean": 1.231320024253182, "min": 0.027275268104858696, "p0.1": 0.029027709229849277, "p1": 0.031844003382138907, "p5": 0.03583167202305049, "p10": 0.038588583935052156, "p25": 0.04560230206698179, "median": 0.06364578905049711, "p75": 0.8244337959913537, "p90": 5.7973839360056445, "p95": 6.012258274015039, "p99": 6.285957541572862, "p99.9": 6.411835412089732, "max": 6.495397989987396}, "inter_token_latency": {"mean": 0.012690845826234634, "min": 2.483953721821308e-06, "p0.1": 2.9739458113908768e-06, "p1": 4.507950507104397e-06, "p5": 1.0150019079446793e-05, "p10": 1.155002973973751e-05, "p25": 1.5832949429750443e-05, "median": 4.421302583068609e-05, "p75": 0.026464215014129877, "p90": 0.03377173820044845, "p95": 0.0356807708623819, "p99": 0.039746010166127235, "p99.9": 0.04646025800821371, "max": 0.17910941096488386}}, "throughput": {"input_tokens_per_sec": 1767.3962496221434, "output_tokens_per_sec": 2799.2897667112566, "total_tokens_per_sec": 4566.6860163334, "requests_per_sec": 23.841961011585067}, "prompt_len": {"mean": 74.12965102842617, "min": 10.0, "p0.1": 10.0, "p1": 10.0, "p5": 11.0, "p10": 12.0, "p25": 17.0, "median": 37.0, "p75": 119.0, "p90": 203.0, "p95": 230.0, "p99": 252.0, "p99.9": 256.0, "max": 256.0}, "output_len": {"mean": 117.41021492951236, "min": 9.0, "p0.1": 11.0, "p1": 11.0, "p5": 14.0, "p10": 19.0, "p25": 40.0, "median": 110.0, "p75": 189.0, "p90": 232.0, "p95": 244.0, "p99": 255.0, "p99.9": 257.0, "max": 257.0}}, "failures": {"count": 0, "request_latency": null, "prompt_len": null}}