{"load_summary": {"count": 6324, "schedule_delay": {"mean": 2.263610049230851, "min": -0.0010839573806151748, "p0.1": -0.0010129780069692061, "p1": -0.0007474172196816653, "p5": -0.0003495220851618796, "p10": -0.00010361074237152926, "p25": 0.0004621641419362277, "median": 1.7365282142418437, "p75": 4.338632567349123, "p90": 5.577742461161688, "p95": 6.031638127082259, "p99": 6.69988499061088, "p99.9": 6.736418674565271, "max": 6.7587614129297435}, "send_duration": 66.70345559099223, "requested_rate": 105.4, "achieved_rate": 94.80768191047069}, "successes": {"count": 6324, "latency": {"request_latency": {"mean": 4.293670953674007, "min": 0.11684156092815101, "p0.1": 0.1743900504691992, "p1": 0.5355767740972807, "p5": 1.5423472517926713, "p10": 2.341898195212707, "p25": 3.6066361802222673, "median": 4.266048823483288, "p75": 5.418564623163547, "p90": 6.136201795574744, "p95": 6.380320484400727, "p99": 6.625329811315747, "p99.9": 6.83942684391991, "max": 6.987355825025588}, "normalized_time_per_output_token": {"mean": 0.06816762755878239, "min": 0.00877446748288066, "p0.1": 0.008983507065049707, "p1": 0.011353450689065478, "p5": 0.015294462408756692, "p10": 0.020978090824693017, "p25": 0.0273599072102272, "median": 0.03749072888215978, "p75": 0.0827771415829237, "p90": 0.17082588402236895, "p95": 0.2258209352723497, "p99": 0.31799394400247044, "p99.9": 0.3424395383644154, "max": 0.35261537572792306}, "time_per_output_token": {"mean": 0.005941377573918696, "min": 0.0032108243321999907, "p0.1": 0.003950185705517938, "p1": 0.004724918698223471, "p5": 0.005258875373153363, "p10": 0.005497820695233404, "p25": 0.005836851128421584, "median": 0.0060095807312138035, "p75": 0.006140611162224378, "p90": 0.006234768508084261, "p95": 0.006323367288366015, "p99": 0.006596162415402862, "p99.9": 0.008047837437677476, "max": 0.009268483037199333}, "time_to_first_token": {"mean": 2.887637210697339, "min": 0.021892357035540044, "p0.1": 0.025571955530322158, "p1": 0.03144260469940491, "p5": 0.4138915999850724, "p10": 1.111120907496661, "p25": 2.409837937739212, "median": 3.4247797034331597, "p75": 3.5259524842258543, "p90": 3.6351528538623823, "p95": 3.7140198597509877, "p99": 3.83678679334116, "p99.9": 3.9088709071022474, "max": 3.9399292459711432}, "inter_token_latency": {"mean": 0.0060387785692425, "min": 1.8059508875012398e-06, "p0.1": 3.089023404754698e-06, "p1": 7.968046702444553e-06, "p5": 1.0341056622564793e-05, "p10": 1.1943047866225243e-05, "p25": 1.5988945960998535e-05, "median": 4.693103255704045e-05, "p75": 0.011424125783378258, "p90": 0.013473376107867809, "p95": 0.015305105590960011, "p99": 0.018943756909575307, "p99.9": 0.03438764063385317, "max": 0.17246310401242226}}, "throughput": {"input_tokens_per_sec": 6496.073755015953, "output_tokens_per_sec": 10263.382602391977, "total_tokens_per_sec": 16759.45635740793, "requests_per_sec": 87.7244199777084}, "prompt_len": {"mean": 74.05091714104996, "min": 10.0, "p0.1": 10.0, "p1": 10.0, "p5": 11.0, "p10": 12.0, "p25": 17.0, "median": 38.0, "p75": 117.0, "p90": 206.0, "p95": 230.0, "p99": 251.0, "p99.9": 256.0, "max": 256.0}, "output_len": {"mean": 116.99573055028463, "min": 11.0, "p0.1": 11.0, "p1": 11.0, "p5": 14.0, "p10": 19.0, "p25": 38.0, "median": 108.0, "p75": 190.0, "p90": 232.0, "p95": 245.0, "p99": 255.0, "p99.9": 257.0, "max": 257.0}}, "failures": {"count": 0, "request_latency": null, "prompt_len": null}}