{"load_summary": {"count": 11529, "schedule_delay": {"mean": 93.96471523482164, "min": -0.0010947137488983572, "p0.1": -0.0007057263893075288, "p1": -7.362004369497299e-05, "p5": 3.3004696338670327, "p10": 12.127868249255698, "p25": 43.40490955172572, "median": 92.59483247541357, "p75": 146.0873537803418, "p90": 173.34980389701667, "p95": 186.09900927010457, "p99": 191.15561652749776, "p99.9": 195.20261291394615, "max": 195.2610085804481}, "send_duration": 255.2204611080233, "requested_rate": 192.16, "achieved_rate": 45.172710487033775}, "successes": {"count": 11529, "latency": {"request_latency": {"mean": 9.8245252473794, "min": 5.277481424040161, "p0.1": 5.3741147036682815, "p1": 5.727021022408735, "p5": 7.088446676358581, "p10": 7.2164005706203165, "p25": 7.44157709000865, "median": 10.923471838003024, "p75": 11.02803186402889, "p90": 11.099788816797082, "p95": 11.151562774006743, "p99": 11.19419666030677, "p99.9": 11.228095518967606, "max": 11.250436962989625}, "normalized_time_per_output_token": {"mean": 0.07781953696013996, "min": 0.0, "p0.1": 0.0, "p1": 0.044307824921191404, "p5": 0.05494902480741992, "p10": 0.055971175770621835, "p25": 0.05771958462798304, "median": 0.08474732144210531, "p75": 0.0855430862866342, "p90": 0.08617546679064012, "p95": 0.08654643857198255, "p99": 0.08755485672917226, "p99.9": 0.21314714423352435, "max": 3.6703412379914275}, "time_per_output_token": null, "time_to_first_token": null, "inter_token_latency": null}, "throughput": {"input_tokens_per_sec": 5960.578233183401, "output_tokens_per_sec": 5644.829367436946, "total_tokens_per_sec": 11605.407600620347, "requests_per_sec": 43.93594362602739}, "prompt_len": {"mean": 135.66519212420852, "min": 129.0, "p0.1": 129.0, "p1": 130.0, "p5": 131.0, "p10": 132.0, "p25": 133.0, "median": 136.0, "p75": 138.0, "p90": 140.0, "p95": 141.0, "p99": 144.0, "p99.9": 146.0, "max": 151.0}, "output_len": {"mean": 128.47861913435685, "min": 0.0, "p0.1": 0.0, "p1": 126.0, "p5": 128.0, "p10": 129.0, "p25": 129.0, "median": 129.0, "p75": 129.0, "p90": 129.0, "p95": 129.0, "p99": 130.0, "p99.9": 130.0, "max": 191.0}}, "failures": {"count": 0, "request_latency": null, "prompt_len": null}}