{"load_summary": {"count": 5280, "schedule_delay": {"mean": 0.00020847802150070273, "min": -0.0012041948502883315, "p0.1": -0.0011557887896196917, "p1": -0.0009240540768951178, "p5": -0.0006149004329927266, "p10": -0.0004415569710545242, "p25": -0.0001479962666053325, "median": 0.00020645058248192072, "p75": 0.0005653662956319749, "p90": 0.0008729599998332561, "p95": 0.0010300162481144072, "p99": 0.0013420392759144308, "p99.9": 0.0016892339912010685, "max": 0.0021325876004993916}, "send_duration": 59.997344364994206, "requested_rate": 88.0, "achieved_rate": 88.0038951037414}, "successes": {"count": 5280, "latency": {"request_latency": {"mean": 1.5444266459642457, "min": 0.13167113799136132, "p0.1": 0.13978122579248156, "p1": 0.1600697696651332, "p5": 0.2504239887231961, "p10": 0.345409373997245, "p25": 0.6643728079798166, "median": 1.4398670390364714, "p75": 2.381564522307599, "p90": 2.8976544885430484, "p95": 3.0739515928726178, "p99": 3.348309379204875, "p99.9": 3.510296539230622, "max": 3.610772687010467}, "normalized_time_per_output_token": {"mean": 0.01475913092074988, "min": 0.008420453176778905, "p0.1": 0.008783522456597408, "p1": 0.009914748009719788, "p5": 0.011199275710622498, "p10": 0.011554535070204847, "p25": 0.012041983084767923, "median": 0.012890746178970812, "p75": 0.0146952768409866, "p90": 0.019981261714845187, "p95": 0.026031590899219737, "p99": 0.04097853463783395, "p99.9": 0.05622497817678898, "max": 0.06101748361610449}, "time_per_output_token": {"mean": 0.005793004695874969, "min": 0.003959657269439138, "p0.1": 0.004014226593633148, "p1": 0.0045226959520104255, "p5": 0.00507883815290172, "p10": 0.005304817697668279, "p25": 0.005631955215307887, "median": 0.005896505752198017, "p75": 0.006048432660412141, "p90": 0.00613647979896529, "p95": 0.006180758627168358, "p99": 0.006285252810836776, "p99.9": 0.006493301555366306, "max": 0.006718913287234803}, "time_to_first_token": {"mean": 0.16958946175593265, "min": 0.024712075013667345, "p0.1": 0.026200398247689008, "p1": 0.028716741462703796, "p5": 0.03192777330405079, "p10": 0.03408646173775196, "p25": 0.03907851327676326, "median": 0.09693573700496927, "p75": 0.260092695010826, "p90": 0.4311197547474877, "p95": 0.49586481614969685, "p99": 0.6317541055346374, "p99.9": 0.665905148915481, "max": 0.694793171947822}, "inter_token_latency": {"mean": 0.005881641618125473, "min": 2.619926817715168e-06, "p0.1": 3.1010713428258896e-06, "p1": 7.917140610516071e-06, "p5": 1.0343967005610466e-05, "p10": 1.2106960639357567e-05, "p25": 1.6213045455515385e-05, "median": 4.8436515498906374e-05, "p75": 0.011204444424947724, "p90": 0.013248690275941053, "p95": 0.01504798161913641, "p99": 0.018084211394889173, "p99.9": 0.023523530415958057, "max": 0.027335004066117108}}, "throughput": {"input_tokens_per_sec": 6347.579167820134, "output_tokens_per_sec": 9887.911181576375, "total_tokens_per_sec": 16235.49034939651, "requests_per_sec": 84.31034761872377}, "prompt_len": {"mean": 75.28825757575757, "min": 10.0, "p0.1": 10.0, "p1": 10.0, "p5": 11.0, "p10": 12.0, "p25": 18.0, "median": 37.0, "p75": 120.25, "p90": 208.0, "p95": 233.0, "p99": 252.0, "p99.9": 256.0, "max": 256.0}, "output_len": {"mean": 117.27992424242424, "min": 11.0, "p0.1": 11.0, "p1": 11.0, "p5": 14.0, "p10": 19.0, "p25": 40.0, "median": 110.0, "p75": 188.0, "p90": 231.0, "p95": 243.0, "p99": 255.0, "p99.9": 257.0, "max": 257.0}}, "failures": {"count": 0, "request_latency": null, "prompt_len": null}}