{"load_summary": {"count": 2148, "schedule_delay": {"mean": 0.00052067495506817, "min": -0.0012588701210916042, "p0.1": -0.0011666227602399886, "p1": -0.0008010208781342954, "p5": -0.0005086377903353422, "p10": -0.0003285695449449122, "p25": 1.0569085134193301e-05, "median": 0.00044093397445976734, "p75": 0.0009007934131659567, "p90": 0.0014896764303557566, "p95": 0.0019025743822567163, "p99": 0.0027274390636011967, "p99.9": 0.003661735928501007, "max": 0.004280777997337282}, "send_duration": 59.98718767298851, "requested_rate": 35.8, "achieved_rate": 35.80764632123633}, "successes": {"count": 2148, "latency": {"request_latency": {"mean": 0.9850896926464736, "min": 0.09888058097567409, "p0.1": 0.10134357244649436, "p1": 0.11007413079263642, "p5": 0.1351238646893762, "p10": 0.1749837949872017, "p25": 0.3482016157358885, "median": 0.9076142139965668, "p75": 1.59079467196716, "p90": 1.9296976258629002, "p95": 2.0515787541691677, "p99": 2.150880256724777, "p99.9": 2.226979886704009, "max": 2.234444575966336}, "normalized_time_per_output_token": {"mean": 0.008595745608563287, "min": 0.007614380210011362, "p0.1": 0.007665779555953687, "p1": 0.00799780744361825, "p5": 0.00810093482634909, "p10": 0.008154891647632553, "p25": 0.008310550892352516, "median": 0.00851303233618988, "p75": 0.00876706229499012, "p90": 0.009127966461690246, "p95": 0.009481241429966758, "p99": 0.010065229044571012, "p99.9": 0.01116503341805904, "max": 0.011387171546140542}, "time_per_output_token": {"mean": 0.00403085521870089, "min": 0.0032753768722496687, "p0.1": 0.003376795973872677, "p1": 0.0034902965805664907, "p5": 0.0036755046414743576, "p10": 0.0037824654779271627, "p25": 0.003946513616868602, "median": 0.004052821698686992, "p75": 0.0041552854015821485, "p90": 0.004238066304858235, "p95": 0.004282753096742267, "p99": 0.0043379940169171105, "p99.9": 0.004369805520499754, "max": 0.0044279318932007915}, "time_to_first_token": {"mean": 0.030454823518511396, "min": 0.020574123016558588, "p0.1": 0.02123309277894441, "p1": 0.02294359351275489, "p5": 0.02463337341323495, "p10": 0.0257298948825337, "p25": 0.027732154994737357, "median": 0.03022943902760744, "p75": 0.03281660078209825, "p90": 0.03527752929367125, "p95": 0.03707631888100877, "p99": 0.04095712609821936, "p99.9": 0.048575097756344165, "max": 0.0643989599775523}, "inter_token_latency": {"mean": 0.004097965685038714, "min": 2.5490298867225647e-06, "p0.1": 2.9958970844745638e-06, "p1": 7.601972902193665e-06, "p5": 9.798095561563969e-06, "p10": 1.0554096661508083e-05, "p25": 1.2902077287435532e-05, "median": 3.886548802256584e-05, "p75": 0.008108103735139593, "p90": 0.008477423980366439, "p95": 0.008817338239168748, "p99": 0.011110357980942353, "p99.9": 0.015628787862369865, "max": 0.018651717924512923}}, "throughput": {"input_tokens_per_sec": 2558.212777368269, "output_tokens_per_sec": 4093.4143947502066, "total_tokens_per_sec": 6651.627172118476, "requests_per_sec": 35.026587153319326}, "prompt_len": {"mean": 73.03631284916202, "min": 10.0, "p0.1": 10.0, "p1": 10.0, "p5": 11.0, "p10": 12.0, "p25": 17.0, "median": 36.0, "p75": 117.25, "p90": 199.0, "p95": 225.0, "p99": 251.0, "p99.9": 255.85300000000007, "max": 256.0}, "output_len": {"mean": 116.8659217877095, "min": 11.0, "p0.1": 11.0, "p1": 11.0, "p5": 14.0, "p10": 20.0, "p25": 41.0, "median": 107.0, "p75": 189.0, "p90": 232.0, "p95": 245.0, "p99": 255.0, "p99.9": 257.0, "max": 257.0}}, "failures": {"count": 0, "request_latency": null, "prompt_len": null}}