{"load_summary": {"count": 3883, "schedule_delay": {"mean": 16.767702188035777, "min": -0.0011984527227468789, "p0.1": -0.0009393107274081558, "p1": -0.0003114139079116285, "p5": 0.000363953405758366, "p10": 0.000984938244801015, "p25": 4.189300855592592, "median": 16.195383423997555, "p75": 27.928845628426643, "p90": 34.372104469931216, "p95": 37.21474044820643, "p99": 39.183840513521574, "p99.9": 39.800104007834804, "max": 39.83179316436872}, "send_duration": 99.7917960609775, "requested_rate": 64.72, "achieved_rate": 38.91101426441211}, "successes": {"count": 3883, "latency": {"request_latency": {"mean": 11.424198976247371, "min": 4.4138711399864405, "p0.1": 4.509166399428388, "p1": 5.456275638880907, "p5": 7.062905579485232, "p10": 9.065406809200066, "p25": 11.400297985994257, "median": 11.931691725971177, "p75": 12.329033485031687, "p90": 12.678068329184317, "p95": 12.757908026635414, "p99": 12.843822191810467, "p99.9": 12.882009751276811, "max": 12.891716694983188}, "normalized_time_per_output_token": {"mean": 0.09140196035785425, "min": 0.0, "p0.1": 0.034649743171075775, "p1": 0.04208222741049185, "p5": 0.054672540192376794, "p10": 0.07026756195678166, "p25": 0.08850211166869246, "median": 0.09254960049631421, "p75": 0.09571295779071164, "p90": 0.09848258234205787, "p95": 0.0990849454594368, "p99": 0.10005417999223028, "p99.9": 0.2035896947505572, "max": 6.003159747022437}, "time_per_output_token": null, "time_to_first_token": null, "inter_token_latency": null}, "throughput": {"input_tokens_per_sec": 4884.067804684917, "output_tokens_per_sec": 4628.327158804895, "total_tokens_per_sec": 9512.394963489813, "requests_per_sec": 36.00061368735959}, "prompt_len": {"mean": 135.66623744527428, "min": 129.0, "p0.1": 129.0, "p1": 130.0, "p5": 131.0, "p10": 132.0, "p25": 133.0, "median": 136.0, "p75": 138.0, "p90": 140.0, "p95": 141.0, "p99": 143.0, "p99.9": 146.0, "max": 149.0}, "output_len": {"mean": 128.56245171259334, "min": 0.0, "p0.1": 8.41, "p1": 126.0, "p5": 128.0, "p10": 129.0, "p25": 129.0, "median": 129.0, "p75": 129.0, "p90": 129.0, "p95": 129.0, "p99": 130.0, "p99.9": 130.0, "max": 131.0}}, "failures": {"count": 0, "request_latency": null, "prompt_len": null}}