{"load_summary": {"count": 1971, "schedule_delay": {"mean": 0.0007740900362912662, "min": -0.0021560664754360914, "p0.1": -0.0019511850090930239, "p1": -0.0013310223119333386, "p5": -0.0006524950149469078, "p10": -0.0004142996040172875, "p25": 9.283385588787496e-05, "median": 0.0006716164643876255, "p75": 0.0013458023022394627, "p90": 0.002067431400064379, "p95": 0.0025232562329620123, "p99": 0.0035256472008768458, "p99.9": 0.005540833612321949, "max": 0.008862711605615914}, "send_duration": 59.96095595398219, "requested_rate": 32.86, "achieved_rate": 32.87139053474513}, "successes": {"count": 1971, "latency": {"request_latency": {"mean": 4.562321228740276, "min": 2.2001627709832974, "p0.1": 2.2146044334693578, "p1": 2.630315849679755, "p5": 3.1556666070246138, "p10": 3.6778633479843847, "p25": 4.249875429493841, "median": 4.583535848010797, "p75": 4.903132852516137, "p90": 5.578656065976247, "p95": 5.661440226511331, "p99": 5.7194372390396895, "p99.9": 5.780704573465628, "max": 5.784309378010221}, "normalized_time_per_output_token": {"mean": 0.03668561463295116, "min": 0.017122748829496576, "p0.1": 0.01729956467678676, "p1": 0.02039004534635469, "p5": 0.024462531837400107, "p10": 0.028510568589026238, "p25": 0.033013294255785114, "median": 0.03556085506168938, "p75": 0.03838134211237189, "p90": 0.04337575758921069, "p95": 0.04394977857754025, "p99": 0.04467442486725762, "p99.9": 0.381500209367859, "max": 1.3608864883426577}, "time_per_output_token": null, "time_to_first_token": null, "inter_token_latency": null}, "throughput": {"input_tokens_per_sec": 4271.412385363769, "output_tokens_per_sec": 4043.778504373162, "total_tokens_per_sec": 8315.190889736932, "requests_per_sec": 31.469901061407537}, "prompt_len": {"mean": 135.7300862506342, "min": 129.0, "p0.1": 129.0, "p1": 130.0, "p5": 131.0, "p10": 132.0, "p25": 133.0, "median": 136.0, "p75": 138.0, "p90": 140.0, "p95": 141.0, "p99": 143.0, "p99.9": 147.0, "max": 149.0}, "output_len": {"mean": 128.49670218163368, "min": 3.0, "p0.1": 14.82, "p1": 126.0, "p5": 128.0, "p10": 129.0, "p25": 129.0, "median": 129.0, "p75": 129.0, "p90": 129.0, "p95": 129.0, "p99": 130.0, "p99.9": 130.0, "max": 131.0}}, "failures": {"count": 0, "request_latency": null, "prompt_len": null}}