{"load_summary": {"count": 1104, "schedule_delay": {"mean": 0.0011082984005359162, "min": -0.0013000237522646785, "p0.1": -0.0010991158843971789, "p1": -0.0006115932599641382, "p5": -0.0002523309958633035, "p10": -7.534108590334647e-05, "p25": 0.00033039567642845213, "median": 0.0009053045068867505, "p75": 0.0018534967675805092, "p90": 0.0025462251622229816, "p95": 0.0029642487701494226, "p99": 0.0037147681380156443, "p99.9": 0.004590913599124204, "max": 0.0049326588632538915}, "send_duration": 59.985722721903585, "requested_rate": 18.4, "achieved_rate": 18.404379407383185}, "successes": {"count": 1104, "latency": {"request_latency": {"mean": 0.9587557060448739, "min": 0.09275590197648853, "p0.1": 0.09364363730698824, "p1": 0.10154326260904782, "p5": 0.12949605339672418, "p10": 0.17259282072773205, "p25": 0.3696592862252146, "median": 0.9200737984501757, "p75": 1.500713631772669, "p90": 1.803109402442351, "p95": 1.9059795603039673, "p99": 1.980849549099803, "p99.9": 2.009809629059164, "max": 2.012662841938436}, "normalized_time_per_output_token": {"mean": 0.008012791593660258, "min": 0.007247079614490031, "p0.1": 0.0072678337432408435, "p1": 0.007611207931566385, "p5": 0.007686197372341981, "p10": 0.007725257666500817, "p25": 0.007785869924147827, "median": 0.007887204558046555, "p75": 0.008094039174530592, "p90": 0.00853038466147123, "p95": 0.008778423286474372, "p99": 0.009307226830149173, "p99.9": 0.009650003220286005, "max": 0.011170056441591846}, "time_per_output_token": {"mean": 0.003760959677352345, "min": 0.0032419619050675203, "p0.1": 0.0032558002068184405, "p1": 0.003300339732358645, "p5": 0.0034335216577954745, "p10": 0.0035705088865189975, "p25": 0.0037225270178369908, "median": 0.00380028147167389, "p75": 0.0038424608119134096, "p90": 0.0038821756398528017, "p95": 0.003915907038560838, "p99": 0.003940343129240162, "p99.9": 0.0039556373684300344, "max": 0.003957704477468315}, "time_to_first_token": {"mean": 0.029608800129937954, "min": 0.020695413928478956, "p0.1": 0.020775388332316652, "p1": 0.02224987674038857, "p5": 0.023974598105996846, "p10": 0.024919078196398915, "p25": 0.027115609525935724, "median": 0.029469159431755543, "p75": 0.032041990518337116, "p90": 0.034145692514721306, "p95": 0.03531396475154906, "p99": 0.03838362443144434, "p99.9": 0.04279032562288924, "max": 0.04430287901777774}, "inter_token_latency": {"mean": 0.0038188735662537175, "min": 2.6259804144501686e-06, "p0.1": 2.986053004860878e-06, "p1": 8.356990292668343e-06, "p5": 9.836978279054165e-06, "p10": 1.0301009751856327e-05, "p25": 1.200393307954073e-05, "median": 3.591499989852309e-05, "p75": 0.007616465009050444, "p90": 0.007828101830091328, "p95": 0.008003200072562323, "p99": 0.009006566662574185, "p99.9": 0.011844890103908767, "max": 0.014728781068697572}}, "throughput": {"input_tokens_per_sec": 1358.1237766414874, "output_tokens_per_sec": 2178.7360698951848, "total_tokens_per_sec": 3536.859846536672, "requests_per_sec": 17.854515515107735}, "prompt_len": {"mean": 76.0661231884058, "min": 10.0, "p0.1": 10.0, "p1": 10.0, "p5": 11.0, "p10": 12.0, "p25": 18.0, "median": 39.0, "p75": 122.25, "p90": 207.70000000000005, "p95": 230.0, "p99": 250.0, "p99.9": 253.89700000000016, "max": 256.0}, "output_len": {"mean": 122.02717391304348, "min": 9.0, "p0.1": 11.0, "p1": 11.0, "p5": 15.0, "p10": 20.0, "p25": 46.0, "median": 117.0, "p75": 192.0, "p90": 231.0, "p95": 243.0, "p99": 254.0, "p99.9": 256.0, "max": 257.0}}, "failures": {"count": 0, "request_latency": null, "prompt_len": null}}