{"load_summary": {"count": 60, "schedule_delay": {"mean": 0.0003049177360177661, "min": -0.0007359508308582008, "p0.1": -0.0007350278378580697, "p1": -0.0007267209008568898, "p5": -0.0004956903867423534, "p10": -0.0003875360416714102, "p25": -7.974536856636405e-06, "median": 0.0002525992749724537, "p75": 0.0006542615155922249, "p90": 0.0010716386255808176, "p95": 0.0012229850050061938, "p99": 0.0015799663908546769, "p99.9": 0.001914058526221203, "max": 0.0019511798745952547}, "send_duration": 58.741741421981715, "requested_rate": 1.0, "achieved_rate": 1.0214201783528916}, "successes": {"count": 60, "latency": {"request_latency": {"mean": 1.8336070378660225, "min": 1.7790683740167879, "p0.1": 1.7793513036756194, "p1": 1.7818976706051035, "p5": 1.7897064829157898, "p10": 1.806843936938094, "p25": 1.8226885515032336, "median": 1.8348610365355853, "p75": 1.851116972262389, "p90": 1.8552994631056208, "p95": 1.8577889223350212, "p99": 1.8691957295453174, "p99.9": 1.8794940141721166, "max": 1.8806382680195384}, "normalized_time_per_output_token": {"mean": 0.014236788564071142, "min": 0.013791227705556495, "p0.1": 0.013795369334952534, "p1": 0.013832643999516885, "p5": 0.013887373564874054, "p10": 0.01404133187855103, "p25": 0.014156543170535114, "median": 0.014235574883849238, "p75": 0.014356760614187919, "p90": 0.014401667168122073, "p95": 0.01443645387592369, "p99": 0.01472282696760824, "p99.9": 0.014740691066734188, "max": 0.014742675966637071}, "time_per_output_token": null, "time_to_first_token": null, "inter_token_latency": null}, "throughput": {"input_tokens_per_sec": 134.5371081017295, "output_tokens_per_sec": 127.60220562225891, "total_tokens_per_sec": 262.1393137239884, "requests_per_sec": 0.9907003542100846}, "prompt_len": {"mean": 135.8, "min": 131.0, "p0.1": 131.0, "p1": 131.0, "p5": 131.0, "p10": 132.0, "p25": 134.0, "median": 135.5, "p75": 138.0, "p90": 140.1, "p95": 141.0, "p99": 141.82, "p99.9": 142.882, "max": 143.0}, "output_len": {"mean": 128.8, "min": 121.0, "p0.1": 121.295, "p1": 123.95, "p5": 128.0, "p10": 129.0, "p25": 129.0, "median": 129.0, "p75": 129.0, "p90": 129.0, "p95": 129.0, "p99": 130.0, "p99.9": 130.0, "max": 130.0}}, "failures": {"count": 0, "request_latency": null, "prompt_len": null}}