{"load_summary": {"count": 9618, "schedule_delay": {"mean": 72.79233069663574, "min": -0.000915628916118294, "p0.1": -0.0007046610625111498, "p1": -5.0591123872436584e-05, "p5": 2.6311931305768668, "p10": 11.022066637134413, "p25": 32.64928599634732, "median": 73.97131858213106, "p75": 112.54128216824029, "p90": 137.35958840711393, "p95": 142.1497547851497, "p99": 150.7606381415966, "p99.9": 150.96579062490883, "max": 151.0208760239184}, "send_duration": 210.93804783199448, "requested_rate": 160.3, "achieved_rate": 45.59632602488307}, "successes": {"count": 9618, "latency": {"request_latency": {"mean": 9.844594210797695, "min": 5.323060753988102, "p0.1": 5.398960550055082, "p1": 5.667899396452704, "p5": 7.33960681365279, "p10": 7.393441459990572, "p25": 7.536836761501036, "median": 10.91340385802323, "p75": 11.017807850512327, "p90": 11.098573830997339, "p95": 11.141450228789472, "p99": 11.188164536409312, "p99.9": 11.261683572905028, "max": 12.093530090991408}, "normalized_time_per_output_token": {"mean": 0.08027698381188182, "min": 0.0, "p0.1": 0.041416514398261196, "p1": 0.0438675807545985, "p5": 0.05689819141558483, "p10": 0.05734054707099012, "p25": 0.05848177012584945, "median": 0.08465829565525487, "p75": 0.08552933966654226, "p90": 0.08620007266660488, "p95": 0.08652532416323197, "p99": 0.08750808538147518, "p99.9": 1.3849400564199075, "max": 5.552596198016545}, "time_per_output_token": null, "time_to_first_token": null, "inter_token_latency": null}, "throughput": {"input_tokens_per_sec": 5941.53689756815, "output_tokens_per_sec": 5623.990648536183, "total_tokens_per_sec": 11565.527546104333, "requests_per_sec": 43.79665624420252}, "prompt_len": {"mean": 135.6618839675608, "min": 129.0, "p0.1": 129.0, "p1": 130.0, "p5": 131.0, "p10": 132.0, "p25": 133.0, "median": 136.0, "p75": 138.0, "p90": 140.0, "p95": 141.0, "p99": 143.0, "p99.9": 146.0, "max": 151.0}, "output_len": {"mean": 128.41141609482221, "min": 0.0, "p0.1": 2.0, "p1": 126.0, "p5": 128.0, "p10": 129.0, "p25": 129.0, "median": 129.0, "p75": 129.0, "p90": 129.0, "p95": 129.0, "p99": 129.0, "p99.9": 130.0, "max": 135.0}}, "failures": {"count": 0, "request_latency": null, "prompt_len": null}}