{"load_summary": {"count": 3192, "schedule_delay": {"mean": 0.00032233260003009575, "min": -0.001135128317400813, "p0.1": -0.0010722901002736761, "p1": -0.0008811153238639235, "p5": -0.0006116275093518197, "p10": -0.0004020745982415974, "p25": -8.704460924491286e-05, "median": 0.00028664799174293876, "p75": 0.0006881007575429976, "p90": 0.001058412971906364, "p95": 0.001321067247772588, "p99": 0.0020453365601133563, "p99.9": 0.0029590929454425415, "max": 0.003825949504971504}, "send_duration": 59.97293011297006, "requested_rate": 53.2, "achieved_rate": 53.2240128002297}, "successes": {"count": 3192, "latency": {"request_latency": {"mean": 1.0742407688003164, "min": 0.10270846402272582, "p0.1": 0.10767666772636585, "p1": 0.11705594293191098, "p5": 0.14721703703398817, "p10": 0.1948037585709244, "p25": 0.3867018680612091, "median": 0.999961836496368, "p75": 1.7044863859773614, "p90": 2.110794642742258, "p95": 2.2239003104274158, "p99": 2.3259792936057786, "p99.9": 2.4036940675416276, "max": 2.4211548819439486}, "normalized_time_per_output_token": {"mean": 0.00932266311907017, "min": 0.0077713853850524635, "p0.1": 0.007973639206165572, "p1": 0.008566534752458157, "p5": 0.00880106931917134, "p10": 0.008858535708307518, "p25": 0.008977828647594997, "median": 0.009202442312860274, "p75": 0.009523065425922472, "p90": 0.009973083737126567, "p95": 0.010328885057169827, "p99": 0.011073180740205312, "p99.9": 0.012061533515160306, "max": 0.012536880249778429}, "time_per_output_token": {"mean": 0.004384323700906698, "min": 0.0035107394771488466, "p0.1": 0.003638197853634622, "p1": 0.003773244918057961, "p5": 0.003969052373193785, "p10": 0.00410000221159598, "p25": 0.0042913192241058615, "median": 0.00439870282491144, "p75": 0.004515789900000783, "p90": 0.004630386955155993, "p95": 0.004691332692791772, "p99": 0.004818048858011645, "p99.9": 0.00497322017047968, "max": 0.0050843973444508654}, "time_to_first_token": {"mean": 0.03206398234990621, "min": 0.021554981009103358, "p0.1": 0.022310212204698473, "p1": 0.023866913652746007, "p5": 0.025968186417594553, "p10": 0.026965590345207603, "p25": 0.028940622985828668, "median": 0.031654939462896436, "p75": 0.0345400630030781, "p90": 0.037373005598783496, "p95": 0.039836762018967416, "p99": 0.04570290361763915, "p99.9": 0.058585215625819, "max": 0.06448033195920289}, "inter_token_latency": {"mean": 0.004451168287797869, "min": 2.622022293508053e-06, "p0.1": 3.0169907258823515e-06, "p1": 7.625902071595192e-06, "p5": 9.850948117673397e-06, "p10": 1.0739895515143871e-05, "p25": 1.340499147772789e-05, "median": 4.0721497498452663e-05, "p75": 0.00866991697694175, "p90": 0.009261536656413228, "p95": 0.010004864481743423, "p99": 0.012775554478866975, "p99.9": 0.018995220781303963, "max": 0.023392086033709347}}, "throughput": {"input_tokens_per_sec": 3776.9096946134537, "output_tokens_per_sec": 6054.045104506005, "total_tokens_per_sec": 9830.95479911946, "requests_per_sec": 51.540965696942585}, "prompt_len": {"mean": 73.2797619047619, "min": 10.0, "p0.1": 10.0, "p1": 10.0, "p5": 11.0, "p10": 12.0, "p25": 17.0, "median": 38.0, "p75": 116.25, "p90": 198.0, "p95": 228.0, "p99": 252.0, "p99.9": 256.0, "max": 256.0}, "output_len": {"mean": 117.4608395989975, "min": 11.0, "p0.1": 11.0, "p1": 11.0, "p5": 14.0, "p10": 20.0, "p25": 41.0, "median": 110.0, "p75": 187.0, "p90": 233.0, "p95": 245.0, "p99": 255.0, "p99.9": 257.0, "max": 257.0}}, "failures": {"count": 0, "request_latency": null, "prompt_len": null}}