{"load_summary": {"count": 7706, "schedule_delay": {"mean": 53.491060515760246, "min": -0.0009864847525022924, "p0.1": -0.0006966584935435094, "p1": -0.00011096466332674027, "p5": 0.0012043019087286666, "p10": 5.919899976783199, "p25": 22.378013778390596, "median": 53.80773192443303, "p75": 82.11308797218953, "p90": 101.48767833010061, "p95": 106.00758738638251, "p99": 113.08968862954062, "p99.9": 113.41577175057844, "max": 113.50001248141052}, "send_duration": 173.4925065159914, "requested_rate": 128.44, "achieved_rate": 44.416903961726504}, "successes": {"count": 7706, "latency": {"request_latency": {"mean": 10.035345941221978, "min": 5.256719180033542, "p0.1": 5.312045125774457, "p1": 5.613571252318797, "p5": 7.810448191987234, "p10": 7.915814722480718, "p25": 8.138025534746703, "median": 11.013657274510479, "p75": 11.111337578768143, "p90": 11.313269334001234, "p95": 11.379901607506326, "p99": 11.438346415461274, "p99.9": 11.509484718318566, "max": 11.514343985996675}, "normalized_time_per_output_token": {"mean": 0.08170751541328068, "min": 0.0, "p0.1": 0.04113114623061396, "p1": 0.04347128321636873, "p5": 0.06054622103106375, "p10": 0.061390460228552865, "p25": 0.06312308108926816, "median": 0.08541419890293195, "p75": 0.08620419133501489, "p90": 0.08777435221722847, "p95": 0.0883086822247232, "p99": 0.08923295035158724, "p99.9": 0.3532807845034022, "max": 5.672058143478353}, "time_per_output_token": null, "time_to_first_token": null, "inter_token_latency": null}, "throughput": {"input_tokens_per_sec": 5776.069704554423, "output_tokens_per_sec": 5472.046845963921, "total_tokens_per_sec": 11248.116550518345, "requests_per_sec": 42.570823838395256}, "prompt_len": {"mean": 135.68141707760188, "min": 129.0, "p0.1": 129.0, "p1": 130.0, "p5": 131.0, "p10": 132.0, "p25": 133.0, "median": 136.0, "p75": 138.0, "p90": 140.0, "p95": 141.0, "p99": 143.0, "p99.9": 146.29500000000098, "max": 151.0}, "output_len": {"mean": 128.53983908642616, "min": 0.0, "p0.1": 2.0, "p1": 126.0, "p5": 128.0, "p10": 129.0, "p25": 129.0, "median": 129.0, "p75": 129.0, "p90": 129.0, "p95": 129.0, "p99": 130.0, "p99.9": 130.0, "max": 131.0}}, "failures": {"count": 0, "request_latency": null, "prompt_len": null}}