{"load_summary": {"count": 4236, "schedule_delay": {"mean": 0.00022227857846171333, "min": -0.001215108553878963, "p0.1": -0.0010979345795931294, "p1": -0.000896304176421836, "p5": -0.0006024680915288627, "p10": -0.00044519262155517936, "p25": -0.00015364302089437842, "median": 0.0002011283067986369, "p75": 0.0005817338824272156, "p90": 0.0008939614053815603, "p95": 0.0011014353949576616, "p99": 0.0015234380261972527, "p99.9": 0.002199689520639368, "max": 0.002524771960452199}, "send_duration": 59.99191416008398, "requested_rate": 70.6, "achieved_rate": 70.60951562066427}, "successes": {"count": 4236, "latency": {"request_latency": {"mean": 1.238779828075396, "min": 0.11257226497400552, "p0.1": 0.11566801892360673, "p1": 0.1306961967027746, "p5": 0.16386490722652525, "p10": 0.21265796548686922, "p25": 0.42666895472211763, "median": 1.147811234521214, "p75": 1.9927041485789232, "p90": 2.407531812961679, "p95": 2.5521320363041013, "p99": 2.7282144521654117, "p99.9": 2.8425513208424684, "max": 2.8921836389927194}, "normalized_time_per_output_token": {"mean": 0.010688537932947264, "min": 0.008069751524656523, "p0.1": 0.008377045855956914, "p1": 0.008888129898823934, "p5": 0.009738915797601496, "p10": 0.009871729356720114, "p25": 0.010194731714644434, "median": 0.010637118686931984, "p75": 0.011109038416646734, "p90": 0.011543185948103796, "p95": 0.011924852334777825, "p99": 0.012832296175128292, "p99.9": 0.013892777761890709, "max": 0.016625618899706752}, "time_per_output_token": {"mean": 0.005032092396877856, "min": 0.0033163699695388927, "p0.1": 0.0036702698658897504, "p1": 0.004073873675410137, "p5": 0.004385754923735346, "p10": 0.004603140564395331, "p25": 0.004835721827977488, "median": 0.005051377715742308, "p75": 0.0052742269909424625, "p90": 0.00544890428850037, "p95": 0.0055395103844142375, "p99": 0.005634603880287206, "p99.9": 0.005741002405204366, "max": 0.00580987858120352}, "time_to_first_token": {"mean": 0.035597216780302955, "min": 0.023150682915002108, "p0.1": 0.02403508728253655, "p1": 0.025684617244405673, "p5": 0.028033238981151953, "p10": 0.02945132553577423, "p25": 0.03188769696862437, "median": 0.035070332523901016, "p75": 0.03852159599773586, "p90": 0.0421126710716635, "p95": 0.04466152607346885, "p99": 0.052560155867831644, "p99.9": 0.06317051634192493, "max": 0.07557904010172933}, "inter_token_latency": {"mean": 0.005121798406795074, "min": 2.5479821488261223e-06, "p0.1": 3.0433367937803267e-06, "p1": 7.736030966043472e-06, "p5": 1.0051997378468513e-05, "p10": 1.158006489276886e-05, "p25": 1.557706855237484e-05, "median": 4.6532019041478634e-05, "p75": 0.009836490731686354, "p90": 0.01099575847620145, "p95": 0.012653966882498934, "p99": 0.015534186314325824, "p99.9": 0.021956329564796824, "max": 0.028037062962539494}}, "throughput": {"input_tokens_per_sec": 5091.356567267683, "output_tokens_per_sec": 8065.016502200759, "total_tokens_per_sec": 13156.373069468442, "requests_per_sec": 68.4279563260948}, "prompt_len": {"mean": 74.40462700661001, "min": 10.0, "p0.1": 10.0, "p1": 10.0, "p5": 11.0, "p10": 12.0, "p25": 17.0, "median": 37.0, "p75": 120.0, "p90": 206.0, "p95": 232.25, "p99": 252.0, "p99.9": 256.0, "max": 256.0}, "output_len": {"mean": 117.86142587346554, "min": 10.0, "p0.1": 11.0, "p1": 11.0, "p5": 14.0, "p10": 19.0, "p25": 40.0, "median": 110.5, "p75": 191.0, "p90": 231.5, "p95": 244.0, "p99": 254.0, "p99.9": 257.0, "max": 257.0}}, "failures": {"count": 0, "request_latency": null, "prompt_len": null}}