{"load_summary": {"count": 5794, "schedule_delay": {"mean": 35.072947393761616, "min": -0.0011421579984016716, "p0.1": -0.0008254873428959399, "p1": -0.0001888852199772373, "p5": 0.0008213774417527022, "p10": 1.577926949644462, "p25": 12.837396888979129, "median": 34.62020904687233, "p75": 56.229858626640635, "p90": 67.81796663677088, "p95": 71.51760479945514, "p99": 75.05944072681712, "p99.9": 75.32283223579294, "max": 75.37656535435235}, "send_duration": 135.3112564830226, "requested_rate": 96.58, "achieved_rate": 42.81979305045452}, "successes": {"count": 5794, "latency": {"request_latency": {"mean": 10.553628737780677, "min": 5.001832878973801, "p0.1": 5.1502186775986925, "p1": 5.684178387373686, "p5": 8.565221673992346, "p10": 8.867798821278848, "p25": 9.062081049240078, "median": 11.348567741981242, "p75": 11.757077539979946, "p90": 11.929748807364376, "p95": 11.999140209500911, "p99": 12.076829126721131, "p99.9": 12.093353551426146, "max": 12.097620647982694}, "normalized_time_per_output_token": {"mean": 0.08335504803562163, "min": 0.0, "p0.1": 0.038971112678032334, "p1": 0.043933529886868314, "p5": 0.06612733565954503, "p10": 0.06877706433622015, "p25": 0.07034673793622664, "median": 0.08799258613162096, "p75": 0.09118181579252668, "p90": 0.0926378858814922, "p95": 0.09308667242215213, "p99": 0.09415536492975149, "p99.9": 0.49427248581427397, "max": 2.2915971516049467}, "time_per_output_token": null, "time_to_first_token": null, "inter_token_latency": null}, "throughput": {"input_tokens_per_sec": 5451.3299593845295, "output_tokens_per_sec": 5161.861935033623, "total_tokens_per_sec": 10613.191894418153, "requests_per_sec": 40.17865829214842}, "prompt_len": {"mean": 135.67725232999655, "min": 129.0, "p0.1": 129.0, "p1": 130.0, "p5": 131.0, "p10": 132.0, "p25": 133.0, "median": 136.0, "p75": 138.0, "p90": 140.0, "p95": 141.0, "p99": 143.0, "p99.9": 146.20700000000033, "max": 151.0}, "output_len": {"mean": 128.47273041076977, "min": 0.0, "p0.1": 5.793, "p1": 125.93, "p5": 128.0, "p10": 129.0, "p25": 129.0, "median": 129.0, "p75": 129.0, "p90": 129.0, "p95": 129.0, "p99": 129.0699999999997, "p99.9": 130.0, "max": 131.0}}, "failures": {"count": 0, "request_latency": null, "prompt_len": null}}