{"load_summary": {"count": 60, "schedule_delay": {"mean": 0.0003761397170213362, "min": -0.0009870266076177359, "p0.1": -0.0009656596533022821, "p1": -0.0007733570644631981, "p5": -0.00048085281741805375, "p10": -0.00034421716118231415, "p25": 4.4274027459323406e-05, "median": 0.0003825835301540792, "p75": 0.0007426730589941144, "p90": 0.000968057883437723, "p95": 0.0012283773685339836, "p99": 0.0013863198587205257, "p99.9": 0.001451755814603531, "max": 0.001459026476368308}, "send_duration": 59.832825329038315, "requested_rate": 1.0, "achieved_rate": 1.002794029365024}, "successes": {"count": 60, "latency": {"request_latency": {"mean": 0.7677887063900319, "min": 0.09932535700500011, "p0.1": 0.0999594529591268, "p1": 0.1056663165462669, "p5": 0.11435525366687216, "p10": 0.12772567078936845, "p25": 0.2518389779725112, "median": 0.706666212528944, "p75": 1.1397242267557885, "p90": 1.5270989827229642, "p95": 1.6828397116973062, "p99": 1.8193388334661722, "p99.9": 1.819730322286021, "max": 1.819773821043782}, "normalized_time_per_output_token": {"mean": 0.007523424288582282, "min": 0.007092939607611919, "p0.1": 0.007093435807861793, "p1": 0.007097901610110657, "p5": 0.007107044665760942, "p10": 0.007138509434852632, "p25": 0.007224384343595965, "median": 0.007326853309569399, "p75": 0.007619850699759836, "p90": 0.008257739957692972, "p95": 0.008530355325559727, "p99": 0.009088269790279975, "p99.9": 0.009164282933377598, "max": 0.009172728838166222}, "time_per_output_token": {"mean": 0.0034224891143527694, "min": 0.003082772478505614, "p0.1": 0.003083158992192703, "p1": 0.0030866376153765016, "p5": 0.0031123815372019357, "p10": 0.003204351875241863, "p25": 0.0033340682071120215, "median": 0.003473463955940095, "p75": 0.003520976012287942, "p90": 0.0035519605664611994, "p95": 0.0035583029765592763, "p99": 0.0035699617859655803, "p99.9": 0.003571878075187471, "max": 0.0035720909962121254}, "time_to_first_token": {"mean": 0.032976745111712565, "min": 0.023881444009020925, "p0.1": 0.023913709218613802, "p1": 0.024204096104949713, "p5": 0.026704800606239587, "p10": 0.028125017962884157, "p25": 0.030353046546224505, "median": 0.03274788346607238, "p75": 0.0355958980799187, "p90": 0.038562882738187906, "p95": 0.04015085477149114, "p99": 0.04184287578216753, "p99.9": 0.04333261541451796, "max": 0.04349814204033464}, "inter_token_latency": {"mean": 0.0034973463455258437, "min": 2.7760397642850876e-06, "p0.1": 2.994329435750842e-06, "p1": 9.005471365526319e-06, "p5": 9.495997801423073e-06, "p10": 9.74312424659729e-06, "p25": 1.0461051715537906e-05, "median": 3.110599936917424e-05, "p75": 0.007086794532369822, "p90": 0.007162403117399662, "p95": 0.007198711513774469, "p99": 0.007364269458921626, "p99.9": 0.008253060979535818, "max": 0.009776559891179204}}, "throughput": {"input_tokens_per_sec": 74.05964138169064, "output_tokens_per_sec": 104.20402388357985, "total_tokens_per_sec": 178.26366526527048, "requests_per_sec": 0.9883404098980068}, "prompt_len": {"mean": 74.93333333333334, "min": 10.0, "p0.1": 10.0, "p1": 10.0, "p5": 10.95, "p10": 13.0, "p25": 18.0, "median": 41.0, "p75": 136.25, "p90": 188.20000000000005, "p95": 245.29999999999998, "p99": 254.82, "p99.9": 255.882, "max": 256.0}, "output_len": {"mean": 105.43333333333334, "min": 11.0, "p0.1": 11.059, "p1": 11.59, "p5": 13.95, "p10": 15.9, "p25": 33.0, "median": 96.0, "p75": 156.5, "p90": 215.20000000000002, "p95": 232.74999999999994, "p99": 250.41, "p99.9": 250.941, "max": 251.0}}, "failures": {"count": 0, "request_latency": null, "prompt_len": null}}