{"load_summary": {"count": 22344, "schedule_delay": {"mean": 0.6409105671602122, "min": -0.0013000237522646785, "p0.1": -0.0010973692411789672, "p1": -0.0008663794619496912, "p5": -0.0005402966751717031, "p10": -0.00035654464736580845, "p25": -1.6855541616678238e-05, "median": 0.0004313284298405051, "p75": 0.0011403090611565858, "p90": 3.2512952440069065, "p95": 5.012854269717354, "p99": 6.379184874420752, "p99.9": 6.721580405122141, "max": 6.7587614129297435}}, "successes": {"count": 22344, "latency": {"request_latency": {"mean": 2.1126343523597026, "min": 0.09275590197648853, "p0.1": 0.10424689936917275, "p1": 0.1242319379968103, "p5": 0.18703236268484033, "p10": 0.27636913360329346, "p25": 0.705323041707743, "median": 1.6842079834314063, "p75": 3.0351898150111083, "p90": 4.909773446794134, "p95": 5.774791202432241, "p99": 6.45093390198308, "p99.9": 6.7229143498526, "max": 6.987355825025588}, "normalized_time_per_output_token": {"mean": 0.02738167133222546, "min": 0.007092939607611919, "p0.1": 0.00725960388671679, "p1": 0.007755568539181002, "p5": 0.008146311196925812, "p10": 0.008538389070238522, "p25": 0.009446130188288914, "median": 0.011657966939846227, "p75": 0.025391569199745258, "p90": 0.05397972000358272, "p95": 0.11572094203385688, "p99": 0.2542730867096853, "p99.9": 0.3308299061344854, "max": 0.35261537572792306}, "time_per_output_token": {"mean": 0.00521333543942795, "min": 0.003082772478505614, "p0.1": 0.0032955299958309513, "p1": 0.003570140678850162, "p5": 0.0038271211394634162, "p10": 0.00400917069730049, "p25": 0.004443915311631552, "median": 0.005376610062325951, "p75": 0.005980329336675177, "p90": 0.006130768465809775, "p95": 0.006199264569555886, "p99": 0.0063804754282442595, "p99.9": 0.007021134949039084, "max": 0.009268483037199333}, "time_to_first_token": {"mean": 0.8731682689505673, "min": 0.020574123016558588, "p0.1": 0.022208109938772397, "p1": 0.024391471655108035, "p5": 0.026923963060835377, "p10": 0.028651541087310762, "p25": 0.032123234734172, "median": 0.039373120467644185, "p75": 1.2436540042399429, "p90": 3.482536296395119, "p95": 3.5683328914514276, "p99": 3.7355231145222207, "p99.9": 3.893627878217725, "max": 3.9399292459711432}, "inter_token_latency": {"mean": 0.0052947062784969665, "min": 1.8059508875012398e-06, "p0.1": 3.048917278647423e-06, "p1": 7.790541276335715e-06, "p5": 1.004606019705534e-05, "p10": 1.1219060979783535e-05, "p25": 1.512700691819191e-05, "median": 4.54215332865715e-05, "p75": 0.010453771712491289, "p90": 0.011945204297080637, "p95": 0.01387530137435533, "p99": 0.016928851425182065, "p99.9": 0.02403455888829205, "max": 0.17246310401242226}}, "throughput": {"input_tokens_per_sec": 3065.1175666250847, "output_tokens_per_sec": 4846.897545621794, "total_tokens_per_sec": 7912.015112246879, "requests_per_sec": 41.25071037503171}, "prompt_len": {"mean": 74.3046007876835, "min": 10.0, "p0.1": 10.0, "p1": 10.0, "p5": 11.0, "p10": 12.0, "p25": 17.0, "median": 37.0, "p75": 118.0, "p90": 205.0, "p95": 231.0, "p99": 252.0, "p99.9": 256.0, "max": 256.0}, "output_len": {"mean": 117.4985230934479, "min": 9.0, "p0.1": 11.0, "p1": 11.0, "p5": 14.0, "p10": 19.0, "p25": 40.0, "median": 110.0, "p75": 189.0, "p90": 232.0, "p95": 244.0, "p99": 255.0, "p99.9": 257.0, "max": 257.0}}, "failures": {"count": 0, "request_latency": null, "prompt_len": null}}