{"load_summary": {"count": 40561, "schedule_delay": {"mean": 60.74705110177444, "min": -0.0021560664754360914, "p0.1": -0.0010219494462944568, "p1": -0.00037049156380817287, "p5": 0.00047070469008758664, "p10": 0.0019703159923665226, "p25": 16.965932084305678, "median": 49.75486783642555, "p75": 95.85489984648302, "p90": 137.58897647709819, "p95": 159.7304755835794, "p99": 186.7329058773583, "p99.9": 195.02338922722964, "max": 195.2610085804481}}, "successes": {"count": 40561, "latency": {"request_latency": {"mean": 9.859098040362287, "min": 1.7790683740167879, "p0.1": 1.8466106991562992, "p1": 4.088146988372318, "p5": 5.523521551978774, "p10": 7.160963428963441, "p25": 8.04578630096512, "median": 10.97180123598082, "p75": 11.1236468720017, "p90": 11.734549861983396, "p95": 11.99946383095812, "p99": 12.670731285831426, "p99.9": 12.840972466559622, "max": 12.891716694983188}, "normalized_time_per_output_token": {"mean": 0.07913902763329811, "min": 0.0, "p0.1": 0.014070328584522038, "p1": 0.03149210894399128, "p5": 0.042708584612376206, "p10": 0.055515218689918606, "p25": 0.06242376827912824, "median": 0.08511027355061107, "p75": 0.08638966855026291, "p90": 0.09108112168195116, "p95": 0.09331376782154607, "p99": 0.09876110796863773, "p99.9": 0.5648109060409636, "max": 6.003159747022437}, "time_per_output_token": null, "time_to_first_token": null, "inter_token_latency": null}, "throughput": {"input_tokens_per_sec": 4841.7787261213225, "output_tokens_per_sec": 4585.1943743711545, "total_tokens_per_sec": 9426.973100492478, "requests_per_sec": 35.68720858681516}, "prompt_len": {"mean": 135.67266586129534, "min": 129.0, "p0.1": 129.0, "p1": 130.0, "p5": 131.0, "p10": 132.0, "p25": 133.0, "median": 136.0, "p75": 138.0, "p90": 140.0, "p95": 141.0, "p99": 143.0, "p99.9": 146.0, "max": 151.0}, "output_len": {"mean": 128.48285298685929, "min": 0.0, "p0.1": 2.0, "p1": 126.0, "p5": 128.0, "p10": 129.0, "p25": 129.0, "median": 129.0, "p75": 129.0, "p90": 129.0, "p95": 129.0, "p99": 130.0, "p99.9": 130.0, "max": 191.0}}, "failures": {"count": 0, "request_latency": null, "prompt_len": null}}