{"load_summary": {}, "successes": {"count": 634, "rate": 7.933095, "prompt_len": {"mean": 285, "rate": 617.616155}, "output_len": {"mean": 488, "rate": 862.644967}, "queue_len": {"mean": 0}, "request_latency": {"mean": 6.069196, "median": 6.434911, "p90": 13.388325, "p99": 14.838832}, "time_to_first_token": {"mean": 0.230189, "median": 0.028333, "p90": 0.055625, "p99": 6.359375}, "time_per_output_token": {"mean": 0.021574, "median": 0.02341, "p90": 0.044854, "p99": 0.049718}, "kv_cache_usage_percentage": {"mean": 0.001235, "median": 0.001141, "p90": 0.002631, "p99": 0.003284}, "num_requests_swapped": {"mean": 0}, "num_preemptions_total": {"mean": 0}, "prefix_cache_hit_percent": {"mean": 59.13620262035511}}, "failures": {}}