{"load_summary": {"count": 19272, "schedule_delay": {"mean": 174.02968555486444, "min": -0.0012203401420265436, "p0.1": -0.0005678016046294942, "p1": 0.00022900003474205733, "p5": 13.537562971987063, "p10": 28.367296904098474, "p25": 85.21694290192681, "median": 172.17073074463406, "p75": 263.41855959508393, "p90": 320.2604154257104, "p95": 335.2772375671426, "p99": 349.5865664791764, "p99.9": 354.03800103879075, "max": 354.1383877369226}, "send_duration": 414.0872872629552, "requested_rate": 321.2, "achieved_rate": 46.54091200767007}, "successes": {"count": 19272, "latency": {"request_latency": {"mean": 9.538303376857938, "min": 5.325582589954138, "p0.1": 5.403659387878375, "p1": 5.854707771952962, "p5": 6.6526316164410675, "p10": 6.670881840115181, "p25": 6.827368424492306, "median": 10.681446489470545, "p75": 10.731196358727175, "p90": 10.81239123949199, "p95": 10.845141300951946, "p99": 10.900209920664784, "p99.9": 10.996648153130023, "max": 11.021699449978769}, "normalized_time_per_output_token": {"mean": 0.07712787352604127, "min": 0.0, "p0.1": 0.04176629795804178, "p1": 0.04535510352432778, "p5": 0.05157525704414656, "p10": 0.051733530702587405, "p25": 0.052959509796617274, "median": 0.08282885276360524, "p75": 0.08323818662198434, "p90": 0.08395583060080035, "p95": 0.08422617213559146, "p99": 0.08525599390306679, "p99.9": 1.0855436609794196, "max": 3.662919545681992}, "time_per_output_token": null, "time_to_first_token": null, "inter_token_latency": null}, "throughput": {"input_tokens_per_sec": 6188.680737888655, "output_tokens_per_sec": 5866.568450848673, "total_tokens_per_sec": 12055.249188737327, "requests_per_sec": 45.665016410314294}, "prompt_len": {"mean": 135.52345371523452, "min": 129.0, "p0.1": 130.0, "p1": 131.0, "p5": 132.0, "p10": 132.0, "p25": 134.0, "median": 135.0, "p75": 137.0, "p90": 139.0, "p95": 140.0, "p99": 142.0, "p99.9": 145.0, "max": 149.0}, "output_len": {"mean": 128.46964508094646, "min": 0.0, "p0.1": 4.0, "p1": 126.0, "p5": 128.0, "p10": 129.0, "p25": 129.0, "median": 129.0, "p75": 129.0, "p90": 129.0, "p95": 129.0, "p99": 129.0, "p99.9": 130.0, "max": 192.0}}, "failures": {"count": 0, "request_latency": null, "prompt_len": null}}