{"load_summary": {"count": 60, "schedule_delay": {"mean": 0.00014327249761360387, "min": -0.0012543975608423352, "p0.1": -0.0012439809594070538, "p1": -0.0011502315464895219, "p5": -0.0008957372105214745, "p10": -0.0007990493555553258, "p25": -0.0004422853235155344, "median": 0.00024411571212112904, "p75": 0.0006621911888942122, "p90": 0.0009527812129817903, "p95": 0.0010207387967966493, "p99": 0.0017853293113876132, "p99.9": 0.0018165937043959281, "max": 0.0018200675258412957}, "send_duration": 59.73201724910177, "requested_rate": 1.0, "achieved_rate": 1.0044864172221182}, "successes": {"count": 60, "latency": {"request_latency": {"mean": 0.7683245256232719, "min": 0.09161918004974723, "p0.1": 0.0925756165375933, "p1": 0.101183544928208, "p5": 0.1243103238986805, "p10": 0.1349390535382554, "p25": 0.2523844173119869, "median": 0.7025827349862084, "p75": 1.1281569519778714, "p90": 1.5655504822265358, "p95": 1.6715384388458912, "p99": 1.8067321094253566, "p99.9": 1.8196264270137765, "max": 1.8210591289680451}, "normalized_time_per_output_token": {"mean": 0.007552695391343803, "min": 0.00709905565205601, "p0.1": 0.0070997678816503455, "p1": 0.0071061779479993665, "p5": 0.007143571180771367, "p10": 0.007156914971236137, "p25": 0.0072291220006619064, "median": 0.007331840658580607, "p75": 0.007627560355820495, "p90": 0.0084790709976631, "p95": 0.00875838272680994, "p99": 0.00895436822974478, "p99.9": 0.00898268442142511, "max": 0.008985830664945146}, "time_per_output_token": {"mean": 0.003425084514143537, "min": 0.003096320170342274, "p0.1": 0.003096330797382655, "p1": 0.0030964264407460857, "p5": 0.003130745884496719, "p10": 0.0032366768040671505, "p25": 0.003357593393275266, "median": 0.003478319690911627, "p75": 0.0035239850508296377, "p90": 0.0035493315667560104, "p95": 0.003561050064471964, "p99": 0.0035759713911375475, "p99.9": 0.003579560608789107, "max": 0.0035799594107503913}, "time_to_first_token": {"mean": 0.03276101745820294, "min": 0.02273884799797088, "p0.1": 0.02283491958340164, "p1": 0.023699563852278515, "p5": 0.025751258217496797, "p10": 0.027777275640983135, "p25": 0.02941842345171608, "median": 0.032411548076197505, "p75": 0.035597214999143034, "p90": 0.039160121080931275, "p95": 0.040819323412142686, "p99": 0.044781864585820584, "p99.9": 0.045291434981627396, "max": 0.04534805391449481}, "inter_token_latency": {"mean": 0.003500970608108127, "min": 2.6869820430874825e-06, "p0.1": 2.9529231833294035e-06, "p1": 8.890505414456129e-06, "p5": 9.386078454554081e-06, "p10": 9.646057151257992e-06, "p25": 1.038599293678999e-05, "median": 3.232504241168499e-05, "p75": 0.007095218810718507, "p90": 0.0071783527499064805, "p95": 0.0072176924149971455, "p99": 0.0073451831017155205, "p99.9": 0.007757350737461862, "max": 0.011403831071220338}}, "throughput": {"input_tokens_per_sec": 74.18495667355668, "output_tokens_per_sec": 104.31434521579745, "total_tokens_per_sec": 178.49930188935414, "requests_per_sec": 0.9900127669958632}, "prompt_len": {"mean": 74.93333333333334, "min": 10.0, "p0.1": 10.0, "p1": 10.0, "p5": 10.95, "p10": 13.0, "p25": 18.0, "median": 41.0, "p75": 136.25, "p90": 188.20000000000005, "p95": 245.29999999999998, "p99": 254.82, "p99.9": 255.882, "max": 256.0}, "output_len": {"mean": 105.36666666666666, "min": 11.0, "p0.1": 11.059, "p1": 11.59, "p5": 13.95, "p10": 15.9, "p25": 33.0, "median": 96.0, "p75": 156.5, "p90": 215.20000000000002, "p95": 232.74999999999994, "p99": 248.82, "p99.9": 249.882, "max": 250.0}}, "failures": {"count": 0, "request_latency": null, "prompt_len": null}}