{"load_summary": {"count": 2296, "schedule_delay": {"mean": 0.0005249448942194144, "min": -0.0012075805570930243, "p0.1": -0.0010106520145200192, "p1": -0.0008320390712469816, "p5": -0.0005018926749471575, "p10": -0.000312991498503834, "p25": 3.293066401965916e-05, "median": 0.0004473805893212557, "p75": 0.0009241169027518481, "p90": 0.001434202364180237, "p95": 0.0018690718861762434, "p99": 0.0026623149984516203, "p99.9": 0.003780838386737761, "max": 0.0040935351280495524}, "send_duration": 59.95615021896083, "requested_rate": 38.28, "achieved_rate": 38.2946535362089}, "successes": {"count": 2296, "latency": {"request_latency": {"mean": 0.9872273229086793, "min": 0.09755834704264998, "p0.1": 0.09990796240512281, "p1": 0.10824874478275888, "p5": 0.13344422326190397, "p10": 0.1753435935243033, "p25": 0.3469361372117419, "median": 0.9045266184257343, "p75": 1.5890524647256825, "p90": 1.9447759065078571, "p95": 2.0649613405403215, "p99": 2.1621207183750815, "p99.9": 2.2343439188390053, "max": 2.2594833290204406}, "normalized_time_per_output_token": {"mean": 0.008689288647730947, "min": 0.007769186072502784, "p0.1": 0.007813380825457999, "p1": 0.008056789147839548, "p5": 0.008247853053976809, "p10": 0.00830169898707087, "p25": 0.008410784925175614, "median": 0.00860533718293172, "p75": 0.008845197953289016, "p90": 0.009213494115974753, "p95": 0.009535460802865037, "p99": 0.01006957683303896, "p99.9": 0.010741284832443042, "max": 0.010879846645847839}, "time_per_output_token": {"mean": 0.004077538494598794, "min": 0.003170466615951487, "p0.1": 0.003447710239159967, "p1": 0.003535974694174473, "p5": 0.0037058024361680264, "p10": 0.0038184021498323976, "p25": 0.004004626786038568, "median": 0.004108635405345859, "p75": 0.004188802504666183, "p90": 0.004269075832812328, "p95": 0.004306559961624633, "p99": 0.004372211914457613, "p99.9": 0.004474907977149463, "max": 0.004522025569055516}, "time_to_first_token": {"mean": 0.03016311874524333, "min": 0.019521052949130535, "p0.1": 0.020966813444392756, "p1": 0.02273082040483132, "p5": 0.02446988204610534, "p10": 0.025523006508592516, "p25": 0.027493539499118924, "median": 0.030016293574590236, "p75": 0.032514320279005915, "p90": 0.03479364450322464, "p95": 0.036393984308233485, "p99": 0.04105199329787866, "p99.9": 0.04842877988703554, "max": 0.06149894604459405}, "inter_token_latency": {"mean": 0.004147147399969891, "min": 2.5900080800056458e-06, "p0.1": 3.0054040253162386e-06, "p1": 7.417987799271941e-06, "p5": 9.634066373109818e-06, "p10": 1.0542920790612698e-05, "p25": 1.3654935173690319e-05, "median": 3.949552774429321e-05, "p75": 0.008198321040254086, "p90": 0.00856703162426129, "p95": 0.008938487671548498, "p99": 0.011388044880004588, "p99.9": 0.014913759146235012, "max": 0.020918861962854862}}, "throughput": {"input_tokens_per_sec": 2783.412513640583, "output_tokens_per_sec": 4340.8074175095135, "total_tokens_per_sec": 7124.219931150096, "requests_per_sec": 37.49099572520696}, "prompt_len": {"mean": 74.24216027874564, "min": 10.0, "p0.1": 10.0, "p1": 10.0, "p5": 11.0, "p10": 12.0, "p25": 17.0, "median": 37.0, "p75": 121.0, "p90": 202.0, "p95": 228.25, "p99": 251.0, "p99.9": 255.70500000000038, "max": 256.0}, "output_len": {"mean": 115.78266550522648, "min": 11.0, "p0.1": 11.0, "p1": 11.0, "p5": 14.0, "p10": 19.0, "p25": 39.75, "median": 107.0, "p75": 187.0, "p90": 230.5, "p95": 245.0, "p99": 255.0, "p99.9": 257.0, "max": 257.0}}, "failures": {"count": 0, "request_latency": null, "prompt_len": null}}