{"load_summary": {"count": 8047, "schedule_delay": {"mean": 62.77564432985105, "min": -0.0008296723244711757, "p0.1": -0.0006886098471004516, "p1": -4.609001334756609e-05, "p5": 0.0013691153377294542, "p10": 7.4640261380700395, "p25": 28.894238353532273, "median": 60.90562061674427, "p75": 95.93602923228173, "p90": 117.76019492589403, "p95": 126.10324419785756, "p99": 131.03930875024525, "p99.9": 131.15766199604212, "max": 131.1769065381959}, "send_duration": 191.01045978604816, "requested_rate": 134.13, "achieved_rate": 42.12858295306701}, "successes": {"count": 8047, "latency": {"request_latency": {"mean": 10.638023302271595, "min": 5.859072895953432, "p0.1": 5.967844080805778, "p1": 6.493439890774898, "p5": 7.7694242937024685, "p10": 7.974931292817928, "p25": 8.452544576022774, "median": 11.703421088051982, "p75": 11.986719490494579, "p90": 12.054436371615157, "p95": 12.184830919001252, "p99": 12.42788629005663, "p99.9": 12.621947423005478, "max": 12.627121264929883}, "normalized_time_per_output_token": {"mean": 0.08276194635312345, "min": 0.04490867307420069, "p0.1": 0.046489399729655975, "p1": 0.05024569516162237, "p5": 0.06022864625123221, "p10": 0.062006075730785724, "p25": 0.06591132532935227, "median": 0.09060083860913437, "p75": 0.09313240483051718, "p90": 0.09450155532813369, "p95": 0.09548227256493141, "p99": 0.09754212049160622, "p99.9": 0.10018913460772275, "max": 0.3607923618740945}, "time_per_output_token": {"mean": 0.02373778819286001, "min": 0.010242005766202707, "p0.1": 0.010447542914377838, "p1": 0.0140973455144694, "p5": 0.02352208171872393, "p10": 0.0235919534723394, "p25": 0.023681439926117615, "median": 0.023766460155810916, "p75": 0.024098598001686067, "p90": 0.024230816646511683, "p95": 0.02428306940873244, "p99": 0.025759281351635094, "p99.9": 0.02599798586416866, "max": 0.02603791503087121}, "time_to_first_token": {"mean": 4.5355277767150035, "min": 0.04373481892980635, "p0.1": 0.05530453928024508, "p1": 0.1428561014286243, "p5": 1.6649332033004611, "p10": 1.8898448266554624, "p25": 2.3446202009217814, "median": 5.502671033027582, "p75": 5.8806482764775865, "p90": 5.904715211014263, "p95": 6.055537864693906, "p99": 6.327950627603568, "p99.9": 6.526768324660837, "max": 6.531832454027608}, "inter_token_latency": {"mean": 0.02373778819286001, "min": 2.150074578821659e-06, "p0.1": 3.4800032153725624e-06, "p1": 1.0337946005165567e-05, "p5": 1.5939935110509396e-05, "p10": 1.8440070562064648e-05, "p25": 2.6400084607303143e-05, "median": 0.0001526509877294302, "p75": 0.0333899290417321, "p90": 0.05718073984608054, "p95": 0.0767622760031372, "p99": 0.2008990855817683, "p99.9": 0.20737786415824733, "max": 0.5252547619165853}}, "throughput": {"input_tokens_per_sec": 5444.123747313487, "output_tokens_per_sec": 5185.630399315387, "total_tokens_per_sec": 10629.754146628875, "requests_per_sec": 40.32053289152164}, "prompt_len": {"mean": 135.02112588542315, "min": 130.0, "p0.1": 131.0, "p1": 131.0, "p5": 132.0, "p10": 132.0, "p25": 133.0, "median": 135.0, "p75": 136.0, "p90": 138.0, "p95": 139.0, "p99": 142.0, "p99.9": 145.0, "max": 159.0}, "output_len": {"mean": 128.61016527898596, "min": 24.0, "p0.1": 121.0, "p1": 124.0, "p5": 126.0, "p10": 127.0, "p25": 128.0, "median": 129.0, "p75": 129.0, "p90": 130.0, "p95": 131.0, "p99": 133.0, "p99.9": 135.0, "max": 136.0}}, "failures": {"count": 0, "request_latency": null, "prompt_len": null}}