{"load_summary": {}, "successes": {"count": 16281, "rate": 74.687398, "prompt_len": {"mean": 5021, "rate": 10030.506936}, "output_len": {"mean": 4737, "rate": 9608.300023}, "queue_len": {"mean": 147}, "request_latency": {"mean": 10.545161, "median": 11.307602, "p90": 14.26152, "p99": 14.926152}, "time_to_first_token": {"mean": 4.507709, "median": 5.619659, "p90": 7.123932, "p99": 7.462393}, "time_per_output_token": {"mean": 0.047949, "median": 0.040786, "p90": 0.079725, "p99": 0.264755}, "kv_cache_usage_percentage": {"mean": 0.133861, "median": 0.145926, "p90": 0.191435, "p99": 0.195444}, "num_requests_swapped": {"mean": 0}, "num_preemptions_total": {"mean": 0}, "prefix_cache_hit_percent": {"mean": 49.98737047390527}}, "failures": {}}