{"load_summary": {"count": 3255, "schedule_delay": {"mean": 10.377359998008464, "min": -0.001007627695798874, "p0.1": -0.0007717570401728154, "p1": -0.00046001072274520993, "p5": -9.550945833325352e-06, "p10": 0.00038313758559525016, "p25": 1.0814551500370726, "median": 10.153174093924463, "p75": 18.397445409558713, "p90": 23.58803663123399, "p95": 24.876692856126464, "p99": 25.8084353188565, "p99.9": 25.859014111005003, "max": 25.869310602312908}, "send_duration": 85.77010311093181, "requested_rate": 54.25, "achieved_rate": 37.95028666096047}, "successes": {"count": 3255, "latency": {"request_latency": {"mean": 11.74239636257991, "min": 4.479427455924451, "p0.1": 4.54694737748336, "p1": 5.119679636217188, "p5": 7.145937902014703, "p10": 8.874793745973149, "p25": 11.808170969015919, "median": 12.418619939940982, "p75": 12.937443419010378, "p90": 13.369774390850216, "p95": 13.460660943004768, "p99": 13.783915750735906, "p99.9": 13.873813666691317, "max": 13.91661531990394}, "normalized_time_per_output_token": {"mean": 0.09131259433600857, "min": 0.034935954038519415, "p0.1": 0.03506021914744419, "p1": 0.0398324204808731, "p5": 0.05546022636463163, "p10": 0.06883526271238555, "p25": 0.09094287218740038, "median": 0.09639855599245772, "p75": 0.10079890086310059, "p90": 0.10389263369323498, "p95": 0.10517079796797166, "p99": 0.10757582049298454, "p99.9": 0.11032669786936983, "max": 0.12355641537632178}, "time_per_output_token": {"mean": 0.027623832328831643, "min": 0.010618056809341223, "p0.1": 0.010682292414284655, "p1": 0.013238703510126076, "p5": 0.020609705914391735, "p10": 0.026131356276158636, "p25": 0.028227173910360306, "median": 0.02835956799611087, "p75": 0.028442812957375125, "p90": 0.028509162434246317, "p95": 0.029940712735453685, "p99": 0.0300109292100662, "p99.9": 0.030041729599901507, "max": 0.030148791855904147}, "time_to_first_token": {"mean": 4.641422442372276, "min": 0.03800318005960435, "p0.1": 0.04415938012837432, "p1": 0.05482460082042962, "p5": 0.09865211400901899, "p10": 1.631534670572728, "p25": 4.641204682993703, "median": 5.162986264098436, "p75": 5.650120013509877, "p90": 6.065192161430605, "p95": 6.122717277682386, "p99": 6.470234810248948, "p99.9": 6.566061806980525, "max": 6.635545103927143}, "inter_token_latency": {"mean": 0.027623832328831647, "min": 2.249958924949169e-06, "p0.1": 3.3600954338908195e-06, "p1": 1.0260031558573246e-05, "p5": 1.610000617802143e-05, "p10": 1.8610036931931973e-05, "p25": 2.6600086130201817e-05, "median": 0.00013917998876422644, "p75": 0.057224938995204866, "p90": 0.06633668104186655, "p95": 0.07292312026256695, "p99": 0.08404672959819441, "p99.9": 0.0975677993427964, "max": 0.47991079301573336}}, "throughput": {"input_tokens_per_sec": 4645.824176687585, "output_tokens_per_sec": 4423.79890254592, "total_tokens_per_sec": 9069.623079233506, "requests_per_sec": 34.39590059164811}, "prompt_len": {"mean": 135.06912442396313, "min": 130.0, "p0.1": 131.0, "p1": 131.0, "p5": 132.0, "p10": 132.0, "p25": 133.0, "median": 135.0, "p75": 136.0, "p90": 138.0, "p95": 139.0, "p99": 142.0, "p99.9": 145.74600000000055, "max": 159.0}, "output_len": {"mean": 128.61413210445468, "min": 109.0, "p0.1": 122.0, "p1": 124.0, "p5": 126.0, "p10": 127.0, "p25": 128.0, "median": 129.0, "p75": 129.0, "p90": 131.0, "p95": 131.0, "p99": 133.0, "p99.9": 134.0, "max": 135.0}}, "failures": {"count": 0, "request_latency": null, "prompt_len": null}}