{"load_summary": {"count": 60, "schedule_delay": {"mean": 0.0007871968788094819, "min": -0.0001890660496428609, "p0.1": -0.00018577883171383292, "p1": -0.00015619387035258113, "p5": -6.752322078682481e-05, "p10": 8.43309797346592e-05, "p25": 0.00041414296720176935, "median": 0.000707583618350327, "p75": 0.001219015393871814, "p90": 0.001416068954858929, "p95": 0.0017269507166929542, "p99": 0.0018766411149408668, "p99.9": 0.0018953729470958937, "max": 0.0018974542617797852}, "send_duration": 57.48234753892757, "requested_rate": 1.0, "achieved_rate": 1.0437987063657665}, "successes": {"count": 60, "latency": {"request_latency": {"mean": 1.1634914400463459, "min": 1.06052926403936, "p0.1": 1.0610112916792278, "p1": 1.0653495404380373, "p5": 1.0737647134519648, "p10": 1.0818621610640549, "p25": 1.1281051437254064, "median": 1.173674987978302, "p75": 1.199436874478124, "p90": 1.2193780649802648, "p95": 1.2241248259786517, "p99": 1.2482177241705357, "p99.9": 1.2528309513023124, "max": 1.253343532094732}, "normalized_time_per_output_token": {"mean": 0.009051753878141154, "min": 0.0082853848753075, "p0.1": 0.008286455631570768, "p1": 0.008296092437940177, "p5": 0.008348180729724972, "p10": 0.008464060906425664, "p25": 0.008807863990252983, "median": 0.00909079484819263, "p75": 0.009305890846741206, "p90": 0.009463164808188904, "p95": 0.009568196241245315, "p99": 0.009793856961224971, "p99.9": 0.010013177227157577, "max": 0.010037546145594529}, "time_per_output_token": {"mean": 0.004356462296008479, "min": 0.003939236050873908, "p0.1": 0.003942575490118932, "p1": 0.00397263044332415, "p5": 0.004003391820907499, "p10": 0.004043835190764415, "p25": 0.004227397265365702, "median": 0.0044084517645345215, "p75": 0.0044870217353855674, "p90": 0.0045420945328950215, "p95": 0.004595452315193974, "p99": 0.004677130320188245, "p99.9": 0.0046775914203128245, "max": 0.00467764265366}, "time_to_first_token": {"mean": 0.04227790032552245, "min": 0.03449750004801899, "p0.1": 0.034509305941755886, "p1": 0.03461555898538791, "p5": 0.03583063243422657, "p10": 0.03736135291401297, "p25": 0.03954094974324107, "median": 0.0419536639819853, "p75": 0.044639965024543926, "p90": 0.04798172994051129, "p95": 0.049835629580775274, "p99": 0.05241981814149767, "p99.9": 0.05326437889784576, "max": 0.05335821898188442}, "inter_token_latency": {"mean": 0.004356462296008479, "min": 3.0600931495428085e-06, "p0.1": 3.536713309586048e-06, "p1": 1.781951985321939e-05, "p5": 3.290909226052463e-05, "p10": 3.6439078394323586e-05, "p25": 4.245745367370546e-05, "median": 9.66200022958219e-05, "p75": 0.008778742456343025, "p90": 0.008915792894549667, "p95": 0.00902402838692069, "p99": 0.01110184757155366, "p99.9": 0.015990433918894324, "max": 0.021082159015350044}}, "throughput": {"input_tokens_per_sec": 138.5904115095155, "output_tokens_per_sec": 131.5304348434715, "total_tokens_per_sec": 270.120846352987, "requests_per_sec": 1.0231850240643445}, "prompt_len": {"mean": 135.45, "min": 132.0, "p0.1": 132.059, "p1": 132.59, "p5": 133.0, "p10": 133.0, "p25": 134.0, "median": 135.0, "p75": 136.25, "p90": 139.0, "p95": 140.0, "p99": 140.41, "p99.9": 140.941, "max": 141.0}, "output_len": {"mean": 128.55, "min": 124.0, "p0.1": 124.059, "p1": 124.59, "p5": 125.95, "p10": 127.0, "p25": 128.0, "median": 129.0, "p75": 129.0, "p90": 130.0, "p95": 131.0, "p99": 132.41, "p99.9": 132.941, "max": 133.0}}, "failures": {"count": 0, "request_latency": null, "prompt_len": null}}