{"load_summary": {}, "successes": {"count": 3217, "rate": 40.21654, "prompt_len": {"mean": 2922, "rate": 5912.636481}, "output_len": {"mean": 2640, "rate": 5327.025354}, "queue_len": {"mean": 0}, "request_latency": {"mean": 2.987877, "median": 3.652068, "p90": 4.733776, "p99": 4.97716}, "time_to_first_token": {"mean": 0.046866, "median": 0.044497, "p90": 0.059899, "p99": 0.169154}, "time_per_output_token": {"mean": 0.024071, "median": 0.023643, "p90": 0.045157, "p99": 0.059735}, "kv_cache_usage_percentage": {"mean": 0.037186, "median": 0.046449, "p90": 0.053255, "p99": 0.055889}, "num_requests_swapped": {"mean": 0}, "num_preemptions_total": {"mean": 0}, "prefix_cache_hit_percent": {"mean": 50.95767436685844}}, "failures": {}}