{"load_summary": {"count": 9645, "schedule_delay": {"mean": 78.3775982499311, "min": -0.0007753960089758039, "p0.1": -0.0005339599438011646, "p1": 6.339359562844035e-05, "p5": 3.2162780574988576, "p10": 12.007284914189949, "p25": 35.05639991699718, "median": 79.69633502978832, "p75": 120.87127149384469, "p90": 147.53853399334474, "p95": 156.371685259114, "p99": 160.91421555546577, "p99.9": 161.09904396016012, "max": 161.19791611470282}, "send_duration": 221.19685961992946, "requested_rate": 160.76, "achieved_rate": 43.6036931834045}, "successes": {"count": 9645, "latency": {"request_latency": {"mean": 10.324140434479052, "min": 5.723276424920186, "p0.1": 5.83661000815453, "p1": 6.056170018636622, "p5": 7.445398854650557, "p10": 7.474093139357865, "p25": 7.683435131097212, "median": 11.521712703979574, "p75": 11.559422706952319, "p90": 11.712863725842908, "p95": 11.990110123623163, "p99": 12.060257731606253, "p99.9": 12.195079738262574, "max": 12.200095106964}, "normalized_time_per_output_token": {"mean": 0.08049562984136147, "min": 0.0443098436266127, "p0.1": 0.04506576787312456, "p1": 0.04700241426328938, "p5": 0.057341991597070145, "p10": 0.05806064083847369, "p25": 0.06018991000019014, "median": 0.08925423630993351, "p75": 0.09025914535338346, "p90": 0.09166499316407782, "p95": 0.09299404387030202, "p99": 0.09498689062728392, "p99.9": 0.09889660391110976, "max": 0.959437912000188}, "time_per_output_token": {"mean": 0.022798320265246547, "min": 0.01340379236593973, "p0.1": 0.013653106909143786, "p1": 0.01583837736903505, "p5": 0.022462415696368174, "p10": 0.022712026876288715, "p25": 0.02277920255256302, "median": 0.0228315507318165, "p75": 0.022891633015520985, "p90": 0.02313169654792153, "p95": 0.023406579755590903, "p99": 0.024690208400759105, "p99.9": 0.025127073569808533, "max": 0.025209915941555763}, "time_to_first_token": {"mean": 4.463150364490786, "min": 0.04526630893815309, "p0.1": 0.13421087127504872, "p1": 0.31239996957127003, "p5": 1.5922359647694975, "p10": 1.6042655520141125, "p25": 1.7969642239622772, "median": 5.660449562012218, "p75": 5.6796156680211425, "p90": 5.700120138446801, "p95": 5.8687315043527635, "p99": 6.142358649205416, "p99.9": 6.329440537415911, "max": 6.335556108970195}, "inter_token_latency": {"mean": 0.022798320265246547, "min": 2.1709129214286804e-06, "p0.1": 3.490014933049679e-06, "p1": 1.012010034173727e-05, "p5": 1.5689991414546967e-05, "p10": 1.8149963580071926e-05, "p25": 2.5709974579513073e-05, "median": 0.0001411100383847952, "p75": 0.03327321005053818, "p90": 0.03417594546917826, "p95": 0.04900478702038235, "p99": 0.20235462818760425, "p99.9": 0.207993180916179, "max": 0.6853516799164936}}, "throughput": {"input_tokens_per_sec": 5657.345282092381, "output_tokens_per_sec": 5387.94809456393, "total_tokens_per_sec": 11045.293376656311, "requests_per_sec": 41.897830780958394}, "prompt_len": {"mean": 135.02716433385174, "min": 130.0, "p0.1": 131.0, "p1": 131.0, "p5": 132.0, "p10": 132.0, "p25": 133.0, "median": 135.0, "p75": 136.0, "p90": 138.0, "p95": 139.0, "p99": 142.0, "p99.9": 145.0, "max": 159.0}, "output_len": {"mean": 128.59730430274755, "min": 12.0, "p0.1": 115.932, "p1": 124.0, "p5": 126.0, "p10": 127.0, "p25": 128.0, "median": 129.0, "p75": 129.0, "p90": 130.0, "p95": 131.0, "p99": 133.0, "p99.9": 134.3560000000016, "max": 140.0}}, "failures": {"count": 0, "request_latency": null, "prompt_len": null}}