{"load_summary": {"count": 1657, "schedule_delay": {"mean": 0.0007086519206585739, "min": -0.0009371319320052862, "p0.1": -0.0007781344447284937, "p1": -0.0006277334550395608, "p5": -0.00036292583681643006, "p10": -0.00020380450878292308, "p25": 0.00014523568097501993, "median": 0.0005077481037005782, "p75": 0.0009596005547791719, "p90": 0.0015801327070221304, "p95": 0.0026645492529496495, "p99": 0.004995541768148546, "p99.9": 0.00819974303338681, "max": 0.008306610165163875}, "send_duration": 59.91948178608436, "requested_rate": 27.63, "achieved_rate": 27.653777212486172}, "successes": {"count": 1657, "latency": {"request_latency": {"mean": 2.9583877717027036, "min": 1.274524952052161, "p0.1": 1.2861395296761766, "p1": 1.4156556715397164, "p5": 1.9765985189937056, "p10": 2.4273495786590504, "p25": 2.939801428001374, "median": 3.0311553650535643, "p75": 3.1811781839933246, "p90": 3.2940221042139455, "p95": 3.4669785349862647, "p99": 3.554694139161147, "p99.9": 3.5752748342594134, "max": 3.585386898019351}, "normalized_time_per_output_token": {"mean": 0.022989927791627486, "min": 0.009880038388001248, "p0.1": 0.0099580557072639, "p1": 0.011020139257141563, "p5": 0.015375975425964965, "p10": 0.018900087824921113, "p25": 0.02270310951990816, "median": 0.02354526566968371, "p75": 0.02470559104676795, "p90": 0.025705357330235264, "p95": 0.02688393502360122, "p99": 0.02775720751476911, "p99.9": 0.028586517998520616, "max": 0.028715363531861635}, "time_per_output_token": {"mean": 0.011264775789794384, "min": 0.0048091092331748065, "p0.1": 0.004840431821380347, "p1": 0.005364363907604453, "p5": 0.007499311669414378, "p10": 0.009204706326960533, "p25": 0.011197729062484686, "median": 0.011538466330842344, "p75": 0.01211218254464943, "p90": 0.012548981698099452, "p95": 0.01323808208560926, "p99": 0.013539612084185046, "p99.9": 0.013622386102640733, "max": 0.013653080653605787}, "time_to_first_token": {"mean": 0.06166941560743018, "min": 0.029771619010716677, "p0.1": 0.030737325430847704, "p1": 0.03368820071686059, "p5": 0.04473703319672495, "p10": 0.0489153140457347, "p25": 0.054364038980565965, "median": 0.06139931897632778, "p75": 0.06875064899213612, "p90": 0.0756310269702226, "p95": 0.08008666692767291, "p99": 0.08707189518027007, "p99.9": 0.0951745767137037, "max": 0.10001609800383449}, "inter_token_latency": {"mean": 0.011264775789794384, "min": 2.2300519049167633e-06, "p0.1": 3.300025127828121e-06, "p1": 1.034000888466835e-05, "p5": 1.5759957022964954e-05, "p10": 1.8400023691356182e-05, "p25": 2.8339913114905357e-05, "median": 0.00012252002488821745, "p75": 0.020242090104147792, "p90": 0.028078355453908445, "p95": 0.030715199606493108, "p99": 0.03635376348160208, "p99.9": 0.0414370698640124, "max": 0.048333058948628604}}, "throughput": {"input_tokens_per_sec": 3635.6690424842523, "output_tokens_per_sec": 3464.49445121497, "total_tokens_per_sec": 7100.163493699222, "requests_per_sec": 26.918126386371846}, "prompt_len": {"mean": 135.06397103198552, "min": 130.0, "p0.1": 131.0, "p1": 131.0, "p5": 132.0, "p10": 132.0, "p25": 133.0, "median": 135.0, "p75": 136.0, "p90": 138.0, "p95": 139.0, "p99": 142.0, "p99.9": 145.34400000000028, "max": 147.0}, "output_len": {"mean": 128.7048883524442, "min": 121.0, "p0.1": 123.0, "p1": 124.0, "p5": 126.0, "p10": 127.0, "p25": 128.0, "median": 129.0, "p75": 129.0, "p90": 131.0, "p95": 131.0, "p99": 133.0, "p99.9": 135.0, "max": 137.0}}, "failures": {"count": 0, "request_latency": null, "prompt_len": null}}