{"load_summary": {"count": 15429, "schedule_delay": {"mean": 131.26615698772153, "min": -0.00114543572999537, "p0.1": -0.0006414474900811911, "p1": 9.013054426759483e-05, "p5": 8.190575725631788, "p10": 21.741537159110884, "p25": 62.869335457799025, "median": 131.26299326535081, "p75": 200.35936864750693, "p90": 241.43405555303906, "p95": 255.09801247277065, "p99": 264.5131960984529, "p99.9": 268.8084873043045, "max": 268.87441273930017}, "send_duration": 328.8179420310189, "requested_rate": 257.16, "achieved_rate": 46.9226219977513}, "successes": {"count": 15429, "latency": {"request_latency": {"mean": 9.474615575742083, "min": 5.340046108991373, "p0.1": 5.417571626352146, "p1": 5.684220998794772, "p5": 6.626346920407377, "p10": 6.646341055619996, "p25": 6.788009451003745, "median": 10.653698522015475, "p75": 10.66991853498621, "p90": 10.696732743212488, "p95": 10.804727275995537, "p99": 10.824551871053409, "p99.9": 10.834984681865667, "max": 10.852505736984313}, "normalized_time_per_output_token": {"mean": 0.07630090966166453, "min": 0.0, "p0.1": 0.0, "p1": 0.043744104259373084, "p5": 0.05136983004505132, "p10": 0.05152869045593624, "p25": 0.05264538382143937, "median": 0.08259294913177444, "p75": 0.08273289965144395, "p90": 0.08333776098000716, "p95": 0.08384254375488909, "p99": 0.084643956771405, "p99.9": 0.858023422766859, "max": 5.332191530993441}, "time_per_output_token": null, "time_to_first_token": null, "inter_token_latency": null}, "throughput": {"input_tokens_per_sec": 6208.557382590656, "output_tokens_per_sec": 5884.258279146292, "total_tokens_per_sec": 12092.815661736948, "requests_per_sec": 45.817255760045974}, "prompt_len": {"mean": 135.50696739905374, "min": 129.0, "p0.1": 130.0, "p1": 131.0, "p5": 132.0, "p10": 132.0, "p25": 134.0, "median": 135.0, "p75": 137.0, "p90": 139.0, "p95": 140.0, "p99": 142.0, "p99.9": 145.0, "max": 149.0}, "output_len": {"mean": 128.4288677166375, "min": 0.0, "p0.1": 0.0, "p1": 126.0, "p5": 128.0, "p10": 129.0, "p25": 129.0, "median": 129.0, "p75": 129.0, "p90": 129.0, "p95": 129.0, "p99": 129.0, "p99.9": 130.0, "max": 136.0}}, "failures": {"count": 0, "request_latency": null, "prompt_len": null}}