{"load_summary": {}, "successes": {"count": 12904, "rate": 71.294857, "prompt_len": {"mean": 4880, "rate": 9723.506537}, "output_len": {"mean": 4578, "rate": 9137.184772}, "queue_len": {"mean": 138}, "request_latency": {"mean": 10.699824, "median": 11.286405, "p90": 14.257281, "p99": 14.925728}, "time_to_first_token": {"mean": 4.411112, "median": 5.598296, "p90": 7.119659, "p99": 7.461966}, "time_per_output_token": {"mean": 0.049269, "median": 0.042596, "p90": 0.095531, "p99": 0.143575}, "kv_cache_usage_percentage": {"mean": 0.112746, "median": 0.104108, "p90": 0.170963, "p99": 0.173417}, "num_requests_swapped": {"mean": 0}, "num_preemptions_total": {"mean": 0}, "prefix_cache_hit_percent": {"mean": 49.98752949920072}}, "failures": {}}