{"load_summary": {"count": 60, "schedule_delay": {"mean": 0.0004769523841484139, "min": -0.0004988755099475384, "p0.1": -0.0004983943952829577, "p1": -0.0004940643633017317, "p5": -0.0002908819384174421, "p10": -0.0002362194936722517, "p25": 7.643135904800147e-05, "median": 0.0004011482233181596, "p75": 0.0008746849780436605, "p90": 0.0013241337961517274, "p95": 0.0014598293520975852, "p99": 0.0016795377340167758, "p99.9": 0.0017189400885254153, "max": 0.0017233181279152632}, "send_duration": 58.806306960002985, "requested_rate": 1.0, "achieved_rate": 1.0202987247746895}, "successes": {"count": 60, "latency": {"request_latency": {"mean": 1.8360205680840105, "min": 1.7888537640101276, "p0.1": 1.7890957795910654, "p1": 1.791273919819505, "p5": 1.7968494071654277, "p10": 1.8073184403823688, "p25": 1.8159208722645417, "median": 1.8350109359889757, "p75": 1.8578285242110724, "p90": 1.8702503159642219, "p95": 1.874577889358625, "p99": 1.881110167101724, "p99.9": 1.8824919289472746, "max": 1.8826454580412246}, "normalized_time_per_output_token": {"mean": 0.014253703763400656, "min": 0.013867083441938974, "p0.1": 0.013868959531713685, "p1": 0.013885844339686084, "p5": 0.01392906517182502, "p10": 0.014010220468080379, "p25": 0.014076905986546834, "median": 0.014224890976658727, "p75": 0.014415216957180139, "p90": 0.014536388530332754, "p95": 0.014617183466349002, "p99": 0.014796077121656795, "p99.9": 0.0149362599233037, "max": 0.014951835790153353}, "time_per_output_token": null, "time_to_first_token": null, "inter_token_latency": null}, "throughput": {"input_tokens_per_sec": 133.98873026060198, "output_tokens_per_sec": 127.50540460283092, "total_tokens_per_sec": 261.4941348634329, "requests_per_sec": 0.9898207111100861}, "prompt_len": {"mean": 135.36666666666667, "min": 130.0, "p0.1": 130.059, "p1": 130.59, "p5": 131.0, "p10": 133.0, "p25": 133.0, "median": 134.5, "p75": 137.25, "p90": 139.0, "p95": 141.0, "p99": 142.41, "p99.9": 142.941, "max": 143.0}, "output_len": {"mean": 128.81666666666666, "min": 124.0, "p0.1": 124.177, "p1": 125.77, "p5": 128.0, "p10": 128.9, "p25": 129.0, "median": 129.0, "p75": 129.0, "p90": 129.0, "p95": 129.0, "p99": 129.0, "p99.9": 129.0, "max": 129.0}}, "failures": {"count": 0, "request_latency": null, "prompt_len": null}}