{"load_summary": {"count": 4852, "schedule_delay": {"mean": 28.350342132269727, "min": -0.0009141468908637762, "p0.1": -0.0007967254787217826, "p1": -0.00015554415876977145, "p5": 0.0004517796391155571, "p10": 0.20788453212007943, "p25": 10.112511445069686, "median": 27.501203625870403, "p75": 46.19200498281862, "p90": 56.81295548697235, "p95": 60.538501326064576, "p99": 63.255111555823824, "p99.9": 64.18341311194085, "max": 64.22857697866857}, "send_duration": 124.18282723403536, "requested_rate": 80.88, "achieved_rate": 39.07142483441696}, "successes": {"count": 4852, "latency": {"request_latency": {"mean": 11.396921071393162, "min": 4.825664230040275, "p0.1": 4.973300451189745, "p1": 5.748557644670363, "p5": 6.945227854524274, "p10": 9.757546490174718, "p25": 10.685540039470652, "median": 11.754192295018584, "p75": 12.678586532303598, "p90": 12.770797957037576, "p95": 12.801457836542976, "p99": 13.160247456168289, "p99.9": 13.23984111400228, "max": 13.247398119070567}, "normalized_time_per_output_token": {"mean": 0.08863612518768647, "min": 0.036837131527024995, "p0.1": 0.03860647812659935, "p1": 0.04487255633982317, "p5": 0.054314028248506126, "p10": 0.07598691807755341, "p25": 0.0828881041102091, "median": 0.09124749148260144, "p75": 0.09829385276668746, "p90": 0.09967688577357596, "p95": 0.10055661507857523, "p99": 0.10248116268791378, "p99.9": 0.10680476313776525, "max": 0.1734961729315627}, "time_per_output_token": {"mean": 0.026103343279848614, "min": 0.014740766715965005, "p0.1": 0.01494170972003134, "p1": 0.017162684241961143, "p5": 0.02323899296493313, "p10": 0.026160996731557314, "p25": 0.026314513135886234, "median": 0.026430696081632843, "p75": 0.026503449854221744, "p90": 0.02656993529585404, "p95": 0.027941745912301957, "p99": 0.02819495336027138, "p99.9": 0.028249548702782967, "max": 0.028270705315422136}, "time_to_first_token": {"mean": 4.6867191689291925, "min": 0.04076374904252589, "p0.1": 0.04486796059925109, "p1": 0.06414734218386002, "p5": 0.17613848458859138, "p10": 3.045293459959794, "p25": 3.9452368930215016, "median": 5.043823622982018, "p75": 5.898475330963265, "p90": 5.9679270917782565, "p95": 5.995990013913252, "p99": 6.105824972797412, "p99.9": 6.382430372059013, "max": 6.426818507956341}, "inter_token_latency": {"mean": 0.02610334327984861, "min": 2.2099120542407036e-06, "p0.1": 3.2999087125062943e-06, "p1": 9.950017556548119e-06, "p5": 1.5520025044679642e-05, "p10": 1.7919926904141903e-05, "p25": 2.522999420762062e-05, "median": 0.0001369349774904549, "p75": 0.05388272218988277, "p90": 0.07369752567028627, "p95": 0.08304297750582919, "p99": 0.09497479746467428, "p99.9": 0.10864298993307264, "max": 0.5164262119214982}}, "throughput": {"input_tokens_per_sec": 4998.8448466857735, "output_tokens_per_sec": 4760.5416265439435, "total_tokens_per_sec": 9759.386473229717, "requests_per_sec": 37.01175493367989}, "prompt_len": {"mean": 135.06100577081617, "min": 130.0, "p0.1": 131.0, "p1": 131.0, "p5": 132.0, "p10": 132.0, "p25": 133.0, "median": 135.0, "p75": 136.0, "p90": 138.0, "p95": 139.0, "p99": 142.0, "p99.9": 145.0, "max": 159.0}, "output_len": {"mean": 128.62242374278648, "min": 72.0, "p0.1": 119.0, "p1": 124.0, "p5": 126.0, "p10": 127.0, "p25": 128.0, "median": 129.0, "p75": 129.0, "p90": 131.0, "p95": 131.0, "p99": 133.0, "p99.9": 134.14900000000034, "max": 135.0}}, "failures": {"count": 0, "request_latency": null, "prompt_len": null}}