{"load_summary": {}, "successes": {"count": 6596, "rate": 58.373133, "prompt_len": {"mean": 3719, "rate": 7650.018206}, "output_len": {"mean": 3410, "rate": 7400.520875}, "queue_len": {"mean": 112}, "request_latency": {"mean": 11.657366, "median": 12.013851, "p90": 14.40277, "p99": 14.940277}, "time_to_first_token": {"mean": 4.744895, "median": 5.374601, "p90": 7.07492, "p99": 7.457492}, "time_per_output_token": {"mean": 0.056057, "median": 0.060133, "p90": 0.074543, "p99": 0.09732}, "kv_cache_usage_percentage": {"mean": 0.112549, "median": 0.137535, "p90": 0.144697, "p99": 0.146346}, "num_requests_swapped": {"mean": 0}, "num_preemptions_total": {"mean": 0}, "prefix_cache_hit_percent": {"mean": 49.98403781087657}}, "failures": {}}