{"load_summary": {"count": 6450, "schedule_delay": {"mean": 44.36689881221963, "min": -0.001108490745536983, "p0.1": -0.000584848360507749, "p1": -7.160817505791785e-05, "p5": 0.0009118297661188991, "p10": 2.436720346007496, "p25": 18.496347729145782, "median": 42.949487685458735, "p75": 70.46316186577315, "p90": 83.20640580503968, "p95": 90.5280449453683, "p99": 94.59282958482974, "p99.9": 94.88851960148826, "max": 94.95564972108696}, "send_duration": 154.95139877288602, "requested_rate": 107.51, "achieved_rate": 41.62595530650121}, "successes": {"count": 6450, "latency": {"request_latency": {"mean": 10.73161012446894, "min": 5.5194295819383115, "p0.1": 5.586784510217724, "p1": 6.011464750323212, "p5": 7.647281370538986, "p10": 8.66654815406073, "p25": 8.905288828769699, "median": 11.758862531511113, "p75": 11.965114305756288, "p90": 12.032787094044034, "p95": 12.072811605455353, "p99": 12.12288226908422, "p99.9": 12.156406592329848, "max": 12.184581277891994}, "normalized_time_per_output_token": {"mean": 0.08361247468453219, "min": 0.0425589403123346, "p0.1": 0.04331999684403244, "p1": 0.0467556548680809, "p5": 0.05952405979274772, "p10": 0.06712625116406343, "p25": 0.06929377062767235, "median": 0.09111420118519621, "p75": 0.09294400700839965, "p90": 0.09398584771861351, "p95": 0.09467248253743361, "p99": 0.09629396517682881, "p99.9": 0.09866810488312315, "max": 0.910243529235371}, "time_per_output_token": {"mean": 0.02430837392195929, "min": 0.007850534132689034, "p0.1": 0.008287668217498998, "p1": 0.018047588440038783, "p5": 0.02349462937740319, "p10": 0.02437573750177217, "p25": 0.024477153703373774, "median": 0.024558413171314485, "p75": 0.02463799241997287, "p90": 0.024704851377130296, "p95": 0.02474544453704168, "p99": 0.024806163590786443, "p99.9": 0.024849163568143803, "max": 0.024888807657203756}, "time_to_first_token": {"mean": 4.482647428628375, "min": 0.04773610888514668, "p0.1": 0.06129755692440085, "p1": 0.10319885287550278, "p5": 2.2253788874077145, "p10": 2.424759009014815, "p25": 2.599795482965419, "median": 5.4399619465111755, "p75": 5.660000634030439, "p90": 5.713780528970529, "p95": 5.761239774501883, "p99": 5.810102322685998, "p99.9": 5.82998812107637, "max": 5.833810567040928}, "inter_token_latency": {"mean": 0.02430837392195929, "min": 2.2400636225938797e-06, "p0.1": 3.3496404066681865e-06, "p1": 1.0030051926150919e-05, "p5": 1.5539932064712048e-05, "p10": 1.7990940250456333e-05, "p25": 2.521101851016283e-05, "median": 0.00013651500921696424, "p75": 0.03350323997437954, "p90": 0.07730967917013913, "p95": 0.09336093357414933, "p99": 0.12292735647177327, "p99.9": 0.13744431748788377, "max": 0.1575270879548043}}, "throughput": {"input_tokens_per_sec": 5362.266466195962, "output_tokens_per_sec": 5106.803186122534, "total_tokens_per_sec": 10469.069652318494, "requests_per_sec": 39.70644745466313}, "prompt_len": {"mean": 135.0477519379845, "min": 130.0, "p0.1": 131.0, "p1": 131.0, "p5": 132.0, "p10": 132.0, "p25": 133.0, "median": 135.0, "p75": 136.0, "p90": 138.0, "p95": 139.0, "p99": 142.0, "p99.9": 145.0, "max": 159.0}, "output_len": {"mean": 128.6139534883721, "min": 13.0, "p0.1": 120.0, "p1": 124.0, "p5": 126.0, "p10": 127.0, "p25": 128.0, "median": 129.0, "p75": 129.0, "p90": 131.0, "p95": 131.0, "p99": 133.0, "p99.9": 134.0, "max": 135.0}}, "failures": {"count": 0, "request_latency": null, "prompt_len": null}}