{"load_summary": {"count": 5651, "schedule_delay": {"mean": 0.00018608048355934963, "min": -0.001233863877132535, "p0.1": -0.0011309948517009617, "p1": -0.0009320841636508703, "p5": -0.0006648710113950074, "p10": -0.0004954402102157474, "p25": -0.00017230934463441372, "median": 0.0001827774103730917, "p75": 0.0005455397185869515, "p90": 0.0008632251992821693, "p95": 0.0010427447850815952, "p99": 0.0013230820186436176, "p99.9": 0.0015494102961383781, "max": 0.0019940572092309594}, "send_duration": 59.99095559096895, "requested_rate": 94.19, "achieved_rate": 94.19753268358843}, "successes": {"count": 5651, "latency": {"request_latency": {"mean": 2.8356530052433646, "min": 0.10489317297469825, "p0.1": 0.13015281395055353, "p1": 0.2450079814880155, "p5": 0.4728081304929219, "p10": 0.7805948799941689, "p25": 1.8429988495190628, "median": 2.8618996780132875, "p75": 3.827274964482058, "p90": 4.825167614035308, "p95": 5.210788553988095, "p99": 5.5815832579974085, "p99.9": 5.798919476312586, "max": 5.888584768981673}, "normalized_time_per_output_token": {"mean": 0.03920332164914465, "min": 0.009274356242368739, "p0.1": 0.009542492339122955, "p1": 0.01033729252322299, "p5": 0.012058540659481526, "p10": 0.012729224675494406, "p25": 0.015212873129921993, "median": 0.023549475093108882, "p75": 0.03965069479066233, "p90": 0.09273684857709502, "p95": 0.1361039502249609, "p99": 0.2146594613844242, "p99.9": 0.2656094427405733, "max": 0.28443355536596343}, "time_per_output_token": {"mean": 0.005862063985926527, "min": 0.0032984111901550065, "p0.1": 0.0040919843972053215, "p1": 0.004665777395541627, "p5": 0.005152189950789187, "p10": 0.0054042741992614335, "p25": 0.005750591024518647, "median": 0.005938563092481778, "p75": 0.0060446298178136, "p90": 0.006141729444745138, "p95": 0.00620865942164754, "p99": 0.006574336833307346, "p99.9": 0.008856118183789136, "max": 0.011680820360779762}, "time_to_first_token": {"mean": 1.4370975591818271, "min": 0.02153918507974595, "p0.1": 0.025113413052167743, "p1": 0.02997598802903667, "p5": 0.04102510947268456, "p10": 0.10056626808363944, "p25": 0.3678370720008388, "median": 1.7107392640318722, "p75": 2.475963353004772, "p90": 2.701856456929818, "p95": 2.765569799055811, "p99": 2.915856897016056, "p99.9": 3.021028507035227, "max": 3.033936946070753}, "inter_token_latency": {"mean": 0.005950203111449064, "min": 2.559041604399681e-06, "p0.1": 3.088032826781273e-06, "p1": 7.924041710793972e-06, "p5": 1.0220916010439396e-05, "p10": 1.1631986126303673e-05, "p25": 1.5756930224597454e-05, "median": 4.68880170956254e-05, "p75": 0.011215086036827415, "p90": 0.013420419418253005, "p95": 0.015207483491394665, "p99": 0.019373335866257526, "p99.9": 0.026681775694946386, "max": 0.1696811110014096}}, "throughput": {"input_tokens_per_sec": 6505.349204017892, "output_tokens_per_sec": 10295.910676858155, "total_tokens_per_sec": 16801.25988087605, "requests_per_sec": 87.2545271290554}, "prompt_len": {"mean": 74.55600778623253, "min": 10.0, "p0.1": 10.0, "p1": 10.0, "p5": 11.0, "p10": 12.0, "p25": 17.0, "median": 36.0, "p75": 117.5, "p90": 209.0, "p95": 233.0, "p99": 252.0, "p99.9": 256.0, "max": 256.0}, "output_len": {"mean": 117.99858432135905, "min": 10.0, "p0.1": 11.0, "p1": 11.0, "p5": 14.0, "p10": 19.0, "p25": 40.0, "median": 111.0, "p75": 190.0, "p90": 232.0, "p95": 244.0, "p99": 255.0, "p99.9": 257.0, "max": 257.0}}, "failures": {"count": 0, "request_latency": null, "prompt_len": null}}