{"load_summary": {"count": 6769, "schedule_delay": {"mean": 3.8374228105472685, "min": -0.0011734927538782358, "p0.1": -0.0010004105428233743, "p1": -0.000720937717705965, "p5": -0.00029535121284425254, "p10": -3.860401920974185e-06, "p25": 0.0008871236350387335, "median": 3.2292350220959634, "p75": 7.0108208182500675, "p90": 8.89586664685048, "p95": 9.917569222464222, "p99": 10.352931047044693, "p99.9": 10.609090011472816, "max": 10.645406518829986}, "send_duration": 70.60857175092679, "requested_rate": 112.83, "achieved_rate": 95.86654753303593}, "successes": {"count": 6769, "latency": {"request_latency": {"mean": 4.290781581591467, "min": 0.10621773393359035, "p0.1": 0.1466357891019434, "p1": 0.3690799636859447, "p5": 1.3166508674388753, "p10": 2.3530858518322932, "p25": 3.6181371189886704, "median": 4.294501587981358, "p75": 5.40641035803128, "p90": 6.080173486587592, "p95": 6.326975231664255, "p99": 6.54840018020477, "p99.9": 6.765610596285204, "max": 6.842334556975402}, "normalized_time_per_output_token": {"mean": 0.06867174286494943, "min": 0.008851477827799195, "p0.1": 0.009750299072327714, "p1": 0.010889236553899822, "p5": 0.014019183307909439, "p10": 0.019980069775430657, "p25": 0.027240298964833997, "median": 0.037448663292273594, "p75": 0.08467405350044525, "p90": 0.17325020171036676, "p95": 0.22859560631739417, "p99": 0.3146644306894053, "p99.9": 0.34015378432975013, "max": 0.34873275336047466}, "time_per_output_token": {"mean": 0.005883472053429453, "min": 0.0033679923913239136, "p0.1": 0.00419177631228432, "p1": 0.004797455536900862, "p5": 0.005218426934413371, "p10": 0.005452573482836471, "p25": 0.005786478795051943, "median": 0.005960410603603243, "p75": 0.006083026630192936, "p90": 0.006173749691313452, "p95": 0.006230422343957302, "p99": 0.006340448337153136, "p99.9": 0.0067991755335484036, "max": 0.00894593000079372}, "time_to_first_token": {"mean": 2.906864812754842, "min": 0.02255536406300962, "p0.1": 0.026532259427011012, "p1": 0.03137648434843868, "p5": 0.23650896614417435, "p10": 0.7462074665585533, "p25": 3.09387623204384, "median": 3.3747919159941375, "p75": 3.4688646239228547, "p90": 3.57392599680461, "p95": 3.667978046368807, "p99": 3.778646947070956, "p99.9": 3.834486531413161, "max": 3.853352915029973}, "inter_token_latency": {"mean": 0.005982022726063372, "min": 1.693028025329113e-06, "p0.1": 3.0370429158210754e-06, "p1": 7.864567451179027e-06, "p5": 1.0366900824010372e-05, "p10": 1.1865980923175812e-05, "p25": 1.5869038179516792e-05, "median": 4.624808207154274e-05, "p75": 0.011268642963841558, "p90": 0.013556512654758992, "p95": 0.01527022214140743, "p99": 0.019522572578862356, "p99.9": 0.03223051275359469, "max": 0.13906732806935906}}, "throughput": {"input_tokens_per_sec": 6753.160177468787, "output_tokens_per_sec": 10372.588989258364, "total_tokens_per_sec": 17125.74916672715, "requests_per_sec": 89.23986896992658}, "prompt_len": {"mean": 75.67425025853154, "min": 10.0, "p0.1": 10.0, "p1": 10.0, "p5": 11.0, "p10": 12.0, "p25": 18.0, "median": 39.0, "p75": 123.0, "p90": 206.0, "p95": 232.0, "p99": 252.0, "p99.9": 256.0, "max": 256.0}, "output_len": {"mean": 116.23267838676318, "min": 11.0, "p0.1": 11.0, "p1": 11.0, "p5": 14.0, "p10": 19.0, "p25": 37.0, "median": 107.0, "p75": 189.0, "p90": 232.0, "p95": 244.59999999999945, "p99": 255.0, "p99.9": 257.0, "max": 258.0}}, "failures": {"count": 0, "request_latency": null, "prompt_len": null}}