{"load_summary": {"count": 3414, "schedule_delay": {"mean": 0.0002905553026824827, "min": -0.0011493730125948787, "p0.1": -0.001122069141245447, "p1": -0.0008906321146059781, "p5": -0.0006325400026980788, "p10": -0.00043629639549180865, "p25": -0.00010823988122865558, "median": 0.00027678231708705425, "p75": 0.0006428387423511595, "p90": 0.0010105443187057974, "p95": 0.0012405296438373625, "p99": 0.0020683619985356907, "p99.9": 0.0029741581958951783, "max": 0.0034223803086206317}, "send_duration": 59.98557409993373, "requested_rate": 56.91, "achieved_rate": 56.91368385192752}, "successes": {"count": 3414, "latency": {"request_latency": {"mean": 1.1058071545192847, "min": 0.09496390994172543, "p0.1": 0.10629658917267806, "p1": 0.11890575191704557, "p5": 0.15263480783323757, "p10": 0.20117504950612783, "p25": 0.39694680826505646, "median": 1.0229733245214447, "p75": 1.7539732837176416, "p90": 2.1735311144846494, "p95": 2.2990882616373707, "p99": 2.4307291349116706, "p99.9": 2.5490139884446994, "max": 2.562544313026592}, "normalized_time_per_output_token": {"mean": 0.009622155322426022, "min": 0.007786235350569518, "p0.1": 0.007994249379660173, "p1": 0.008380067392657797, "p5": 0.008917022278703168, "p10": 0.009060877096307554, "p25": 0.009303824435124765, "median": 0.009539033887718998, "p75": 0.0098893244941957, "p90": 0.01027179913539642, "p95": 0.010580295022538683, "p99": 0.011317976611379501, "p99.9": 0.012196120250320982, "max": 0.012990103812295605}, "time_per_output_token": {"mean": 0.004531156483808881, "min": 0.003186472857903157, "p0.1": 0.0034604292036523794, "p1": 0.003814951268731333, "p5": 0.004032042942868931, "p10": 0.004195566895262648, "p25": 0.004405480828221156, "median": 0.0045739678428654805, "p75": 0.004688572823141265, "p90": 0.004812175661396288, "p95": 0.0048775456856662135, "p99": 0.004961271297780652, "p99.9": 0.005040571715938448, "max": 0.005096656524860379}, "time_to_first_token": {"mean": 0.03265302970230838, "min": 0.02167537994682789, "p0.1": 0.022278263653512112, "p1": 0.02412270016851835, "p5": 0.02614082847139798, "p10": 0.02734330961247906, "p25": 0.029535187932197005, "median": 0.03231767751276493, "p75": 0.03518603777047247, "p90": 0.03828203999437392, "p95": 0.04005739045678638, "p99": 0.04547378698247483, "p99.9": 0.05839377177914292, "max": 0.07254862005356699}, "inter_token_latency": {"mean": 0.0046048857975210244, "min": 2.316082827746868e-06, "p0.1": 3.069988451898098e-06, "p1": 7.511000148952007e-06, "p5": 9.777024388313293e-06, "p10": 1.1123018339276314e-05, "p25": 1.4936085790395737e-05, "median": 4.381651524454355e-05, "p75": 0.008973850053735077, "p90": 0.00964559615822509, "p95": 0.010552999167703086, "p99": 0.013185010065790268, "p99.9": 0.017877195390523428, "max": 0.02280283102300018}}, "throughput": {"input_tokens_per_sec": 4071.8658528411665, "output_tokens_per_sec": 6482.864700831334, "total_tokens_per_sec": 10554.7305536725, "requests_per_sec": 55.45102443437368}, "prompt_len": {"mean": 73.43175161101347, "min": 10.0, "p0.1": 10.0, "p1": 10.0, "p5": 11.0, "p10": 12.0, "p25": 17.0, "median": 38.0, "p75": 117.0, "p90": 198.0, "p95": 228.0, "p99": 252.0, "p99.9": 256.0, "max": 256.0}, "output_len": {"mean": 116.91154071470416, "min": 11.0, "p0.1": 11.0, "p1": 11.0, "p5": 14.0, "p10": 20.0, "p25": 41.0, "median": 108.5, "p75": 186.0, "p90": 233.0, "p95": 245.0, "p99": 255.0, "p99.9": 257.0, "max": 257.0}}, "failures": {"count": 0, "request_latency": null, "prompt_len": null}}