{"load_summary": {}, "successes": {"count": 9697, "rate": 65.083902, "prompt_len": {"mean": 3680, "rate": 8964.866683}, "output_len": {"mean": 3425, "rate": 8336.72393}, "queue_len": {"mean": 145}, "request_latency": {"mean": 11.376381, "median": 12.114034, "p90": 14.422807, "p99": 14.942281}, "time_to_first_token": {"mean": 4.571274, "median": 4.962731, "p90": 6.993548, "p99": 7.449355}, "time_per_output_token": {"mean": 0.052915, "median": 0.05275, "p90": 0.087367, "p99": 0.099742}, "kv_cache_usage_percentage": {"mean": 0.126433, "median": 0.162438, "p90": 0.171439, "p99": 0.172581}, "num_requests_swapped": {"mean": 0}, "num_preemptions_total": {"mean": 0}, "prefix_cache_hit_percent": {"mean": 49.987406162642415}}, "failures": {}}