{"load_summary": {"count": 1178, "schedule_delay": {"mean": 0.0010318949646458777, "min": -0.001763229607604444, "p0.1": -0.0015953382103471086, "p1": -0.0009360884770285338, "p5": -0.0004319251980632543, "p10": -0.000156969774980098, "p25": 0.00039631890831515193, "median": 0.0010013695573434234, "p75": 0.0016527596744708717, "p90": 0.0023176428163424133, "p95": 0.002626302582211791, "p99": 0.0032189938449300832, "p99.9": 0.004126504345680639, "max": 0.00430612952914089}, "send_duration": 59.990075806039385, "requested_rate": 19.64, "achieved_rate": 19.636581287356986}, "successes": {"count": 1178, "latency": {"request_latency": {"mean": 0.9696123886850294, "min": 0.09563922602683306, "p0.1": 0.09650795203936287, "p1": 0.10260798563016578, "p5": 0.13226266920682975, "p10": 0.17359972753329203, "p25": 0.37439809352508746, "median": 0.9314399095019326, "p75": 1.5180332599557005, "p90": 1.8322347745532168, "p95": 1.9234527981607241, "p99": 1.999212085880572, "p99.9": 2.036233873840305, "max": 2.0462543120374903}, "normalized_time_per_output_token": {"mean": 0.00806401264047429, "min": 0.007443170145696659, "p0.1": 0.00753172942693263, "p1": 0.0076055961178784276, "p5": 0.007716537364922228, "p10": 0.007759307725608167, "p25": 0.007844272450173488, "median": 0.007950108072677223, "p75": 0.00816238051138986, "p90": 0.00856997808682379, "p95": 0.008824780408516137, "p99": 0.00933821704717747, "p99.9": 0.009723681496324183, "max": 0.010098245741877085}, "time_per_output_token": {"mean": 0.0037913136572829357, "min": 0.0032565684301689977, "p0.1": 0.0032854988822519707, "p1": 0.0033291971923495155, "p5": 0.003501638811366794, "p10": 0.0036018120558455407, "p25": 0.0037466151879982563, "median": 0.0038255280171005483, "p75": 0.003878217133004286, "p90": 0.003918363356600638, "p95": 0.003948216629575613, "p99": 0.0039869784977758565, "p99.9": 0.004012146506997286, "max": 0.004016383077138134}, "time_to_first_token": {"mean": 0.029275945326311795, "min": 0.020448971074074507, "p0.1": 0.020589304769062438, "p1": 0.021931505133397877, "p5": 0.02376689709490165, "p10": 0.024755987618118525, "p25": 0.026627578743500635, "median": 0.029220224474556744, "p75": 0.0317282147007063, "p90": 0.03379946234636009, "p95": 0.03527413586853072, "p99": 0.03783015898661689, "p99.9": 0.0398884086684557, "max": 0.04507019801530987}, "inter_token_latency": {"mean": 0.0038479116806152823, "min": 2.6320340111851692e-06, "p0.1": 2.9766103252768515e-06, "p1": 7.716951658949256e-06, "p5": 9.755021892488003e-06, "p10": 1.019495539367199e-05, "p25": 1.1608703061938286e-05, "median": 3.55454976670444e-05, "p75": 0.007680107519263402, "p90": 0.00789087280863896, "p95": 0.008073773956857622, "p99": 0.009165270308731127, "p99.9": 0.011618743318598742, "max": 0.0163437370210886}}, "throughput": {"input_tokens_per_sec": 1441.3802889064289, "output_tokens_per_sec": 2334.4556030290123, "total_tokens_per_sec": 3775.8358919354414, "requests_per_sec": 19.047013072317835}, "prompt_len": {"mean": 75.6748726655348, "min": 10.0, "p0.1": 10.0, "p1": 10.0, "p5": 11.0, "p10": 12.0, "p25": 18.0, "median": 39.5, "p75": 120.0, "p90": 206.0, "p95": 230.0, "p99": 250.0, "p99.9": 255.64600000000019, "max": 256.0}, "output_len": {"mean": 122.56281833616299, "min": 11.0, "p0.1": 11.0, "p1": 11.0, "p5": 15.0, "p10": 20.0, "p25": 46.0, "median": 117.5, "p75": 193.0, "p90": 232.0, "p95": 245.0, "p99": 254.0, "p99.9": 256.0, "max": 257.0}}, "failures": {"count": 0, "request_latency": null, "prompt_len": null}}