{"load_summary": {"count": 7744, "schedule_delay": {"mean": 53.90779784287798, "min": -0.0010485629900358617, "p0.1": -0.0007307366891764104, "p1": -0.0001277350541204214, "p5": 0.001180559059139341, "p10": 6.740738107537618, "p25": 22.91009355406277, "median": 53.93630670607672, "p75": 81.85489195465925, "p90": 101.93260847189813, "p95": 109.23339330800809, "p99": 113.69846034277464, "p99.9": 113.82448682578962, "max": 113.8536423619953}, "send_duration": 173.8162932259729, "requested_rate": 129.08, "achieved_rate": 44.552785336023}, "successes": {"count": 7744, "latency": {"request_latency": {"mean": 10.038940646578032, "min": 5.133273063984234, "p0.1": 5.2505311937995724, "p1": 5.7516453598032244, "p5": 7.567317213729257, "p10": 7.658593503810698, "p25": 7.990461115754442, "median": 11.175739578495268, "p75": 11.26558018050855, "p90": 11.312266395572806, "p95": 11.332471476623322, "p99": 11.356346679836278, "p99.9": 11.442280830516655, "max": 11.452120455971453}, "normalized_time_per_output_token": {"mean": 0.08093580455272772, "min": 0.0, "p0.1": 0.04024034478330656, "p1": 0.044441295017767155, "p5": 0.05865669228917605, "p10": 0.05938387964649104, "p25": 0.061996690168513835, "median": 0.08666384572460128, "p75": 0.08737638563032168, "p90": 0.08778113619850357, "p95": 0.08795476632403451, "p99": 0.08910304458524507, "p99.9": 1.1229932229874626, "max": 3.978296697983751}, "time_per_output_token": null, "time_to_first_token": null, "inter_token_latency": null}, "throughput": {"input_tokens_per_sec": 5771.4660342644775, "output_tokens_per_sec": 5472.061832152461, "total_tokens_per_sec": 11243.527866416938, "requests_per_sec": 42.592099879777685}, "prompt_len": {"mean": 135.50555268595042, "min": 130.0, "p0.1": 130.0, "p1": 131.0, "p5": 132.0, "p10": 132.0, "p25": 134.0, "median": 135.0, "p75": 137.0, "p90": 139.0, "p95": 140.0, "p99": 142.0, "p99.9": 145.0, "max": 149.0}, "output_len": {"mean": 128.47598140495867, "min": 0.0, "p0.1": 3.7430000000000003, "p1": 126.0, "p5": 128.0, "p10": 129.0, "p25": 129.0, "median": 129.0, "p75": 129.0, "p90": 129.0, "p95": 129.0, "p99": 130.0, "p99.9": 130.0, "max": 131.0}}, "failures": {"count": 0, "request_latency": null, "prompt_len": null}}