{"load_summary": {"count": 11587, "schedule_delay": {"mean": 92.48871345710465, "min": -0.001067875709850341, "p0.1": -0.0006353289436083287, "p1": -2.2643816191703097e-06, "p5": 3.111638491402846, "p10": 12.04669138721656, "p25": 42.25720226045814, "median": 90.590231306036, "p75": 143.03554101361078, "p90": 173.71367637792136, "p95": 182.47753445108538, "p99": 191.03952736412757, "p99.9": 191.36666199269612, "max": 191.4416630010819}, "send_duration": 251.3728101789602, "requested_rate": 193.12, "achieved_rate": 46.094881907676694}, "successes": {"count": 11587, "latency": {"request_latency": {"mean": 9.662050866875335, "min": 5.302501521015074, "p0.1": 5.3797699254647595, "p1": 5.633422697742935, "p5": 7.040950941806659, "p10": 7.070789456414059, "p25": 7.163337330974173, "median": 10.803290478012059, "p75": 10.852739685506094, "p90": 10.89685725979507, "p95": 10.940781344071729, "p99": 11.020992740042274, "p99.9": 11.032199166177422, "max": 11.037545230006799}, "normalized_time_per_output_token": {"mean": 0.07828857332836836, "min": 0.0, "p0.1": 0.0415319643821459, "p1": 0.04365638403364551, "p5": 0.05456274478143991, "p10": 0.05481949728072527, "p25": 0.05557003641854496, "median": 0.08377070837228219, "p75": 0.08417247562798268, "p90": 0.08464845865143665, "p95": 0.08520226253035616, "p99": 0.08613481862861994, "p99.9": 0.9943623388216246, "max": 5.463639774505282}, "time_per_output_token": null, "time_to_first_token": null, "inter_token_latency": null}, "throughput": {"input_tokens_per_sec": 6055.304398632751, "output_tokens_per_sec": 5740.868242155028, "total_tokens_per_sec": 11796.17264078778, "requests_per_sec": 44.685306069950904}, "prompt_len": {"mean": 135.50996806766204, "min": 129.0, "p0.1": 130.0, "p1": 131.0, "p5": 132.0, "p10": 132.0, "p25": 134.0, "median": 135.0, "p75": 137.0, "p90": 139.0, "p95": 140.0, "p99": 142.0, "p99.9": 145.0, "max": 149.0}, "output_len": {"mean": 128.47328903081038, "min": 0.0, "p0.1": 4.0, "p1": 126.0, "p5": 128.0, "p10": 129.0, "p25": 129.0, "median": 129.0, "p75": 129.0, "p90": 129.0, "p95": 129.0, "p99": 129.0, "p99.9": 130.0, "max": 130.0}}, "failures": {"count": 0, "request_latency": null, "prompt_len": null}}