{"load_summary": {}, "successes": {"count": 19180, "rate": 77.030601, "prompt_len": {"mean": 4851, "rate": 10341.775179}, "output_len": {"mean": 4562, "rate": 9827.570478}, "queue_len": {"mean": 165}, "request_latency": {"mean": 10.302261, "median": 11.406086, "p90": 14.281217, "p99": 14.928122}, "time_to_first_token": {"mean": 4.441842, "median": 5.697584, "p90": 7.139517, "p99": 7.463952}, "time_per_output_token": {"mean": 0.046183, "median": 0.0389, "p90": 0.051534, "p99": 0.278677}, "kv_cache_usage_percentage": {"mean": 0.141806, "median": 0.144717, "p90": 0.19318, "p99": 0.205672}, "num_requests_swapped": {"mean": 0}, "num_preemptions_total": {"mean": 0}, "prefix_cache_hit_percent": {"mean": 49.988344871027465}}, "failures": {}}