{"load_summary": {"count": 23115, "schedule_delay": {"mean": 214.00030035946781, "min": -0.0010853249696083367, "p0.1": -0.0006544884126633406, "p1": 0.00026064263074658815, "p5": 14.427720072859666, "p10": 38.372629313590004, "p25": 102.36652712707291, "median": 214.1171533971792, "p75": 324.20912550212233, "p90": 390.16449599964545, "p95": 414.1070587346796, "p99": 429.39252774277, "p99.9": 434.084527219602, "max": 434.19876354787266}, "send_duration": 494.1577860090183, "requested_rate": 385.25, "achieved_rate": 46.776557315193564}, "successes": {"count": 23115, "latency": {"request_latency": {"mean": 9.477627269405717, "min": 5.321886510995682, "p0.1": 5.425721715553896, "p1": 5.970649702424416, "p5": 6.622546286002034, "p10": 6.630180708377156, "p25": 6.784766983502777, "median": 10.620330087956972, "p75": 10.631315811013337, "p90": 10.674509090394713, "p95": 10.773958129016682, "p99": 10.790482607240556, "p99.9": 10.803358698724537, "max": 10.8161233010469}, "normalized_time_per_output_token": {"mean": 0.07726359539930946, "min": 0.0, "p0.1": 0.04162048921843471, "p1": 0.04588785124889416, "p5": 0.051339083884719965, "p10": 0.051400751454391075, "p25": 0.052607670523381486, "median": 0.08233393013184934, "p75": 0.08242949587202725, "p90": 0.08304566265933318, "p95": 0.08357566597378747, "p99": 0.0843364417540475, "p99.9": 1.3270217171138716, "max": 5.386812409997219}, "time_per_output_token": null, "time_to_first_token": null, "inter_token_latency": null}, "throughput": {"input_tokens_per_sec": 6238.785473234134, "output_tokens_per_sec": 5916.859890253943, "total_tokens_per_sec": 12155.645363488076, "requests_per_sec": 46.03688396656162}, "prompt_len": {"mean": 135.5171101016656, "min": 129.0, "p0.1": 130.0, "p1": 131.0, "p5": 132.0, "p10": 132.0, "p25": 134.0, "median": 135.0, "p75": 137.0, "p90": 139.0, "p95": 140.0, "p99": 142.0, "p99.9": 145.0, "max": 149.0}, "output_len": {"mean": 128.52433484750162, "min": 0.0, "p0.1": 2.0, "p1": 126.0, "p5": 128.0, "p10": 129.0, "p25": 129.0, "median": 129.0, "p75": 129.0, "p90": 129.0, "p95": 129.0, "p99": 129.0, "p99.9": 130.0, "max": 191.0}}, "failures": {"count": 0, "request_latency": null, "prompt_len": null}}