{"load_summary": {"count": 4533, "schedule_delay": {"mean": 0.0002191073102796417, "min": -0.0012456780532374978, "p0.1": -0.001118734959512949, "p1": -0.0009234096808359027, "p5": -0.0006143730133771896, "p10": -0.00045493918005377036, "p25": -0.00013813842087984085, "median": 0.00020710926037281752, "p75": 0.0005698833847418427, "p90": 0.000892484444193542, "p95": 0.0010730176232755181, "p99": 0.0014201530721038582, "p99.9": 0.00213739951374013, "max": 0.002883970970287919}, "send_duration": 59.98913799098227, "requested_rate": 75.55, "achieved_rate": 75.56367955614586}, "successes": {"count": 4533, "latency": {"request_latency": {"mean": 1.2679770813578988, "min": 0.1114778999472037, "p0.1": 0.12175029201479629, "p1": 0.13689261790364982, "p5": 0.16938131479546428, "p10": 0.2247869028011337, "p25": 0.44156907603610307, "median": 1.1812372979475185, "p75": 2.0190741210244596, "p90": 2.476202259771526, "p95": 2.6176862983731555, "p99": 2.767469981303439, "p99.9": 2.8762709326217935, "max": 2.906638478045352}, "normalized_time_per_output_token": {"mean": 0.010952048574251303, "min": 0.008179492936003953, "p0.1": 0.008398508862259, "p1": 0.009129741600721872, "p5": 0.010042521717589823, "p10": 0.01021236899582113, "p25": 0.010592937814163081, "median": 0.010887245713682795, "p75": 0.011262277225879106, "p90": 0.011697830340149356, "p95": 0.01208989595690968, "p99": 0.01321818844013087, "p99.9": 0.014432025673264782, "max": 0.015120396083644167}, "time_per_output_token": {"mean": 0.005169300240231469, "min": 0.003583549485275788, "p0.1": 0.0038614255450865552, "p1": 0.004248196398205007, "p5": 0.0046091031325433, "p10": 0.004772920141971365, "p25": 0.004996078775492401, "median": 0.005225622008412269, "p75": 0.0053751604988622175, "p90": 0.005514809541835064, "p95": 0.005582182200509955, "p99": 0.005660565179974958, "p99.9": 0.005827823783861841, "max": 0.006340727438218892}, "time_to_first_token": {"mean": 0.03545265228436393, "min": 0.023148942040279508, "p0.1": 0.024264491924550383, "p1": 0.026239086627028882, "p5": 0.028186865197494627, "p10": 0.029377410607412457, "p25": 0.031898100045509636, "median": 0.03508774598594755, "p75": 0.03838939394336194, "p90": 0.04172732923179865, "p95": 0.04431668375618754, "p99": 0.049804371036589176, "p99.9": 0.054330936181359375, "max": 0.06289279600605369}, "inter_token_latency": {"mean": 0.005250760593314305, "min": 2.496992237865925e-06, "p0.1": 3.0830269679427147e-06, "p1": 7.763933390378953e-06, "p5": 1.0017887689173222e-05, "p10": 1.1435011401772499e-05, "p25": 1.536402851343155e-05, "median": 4.6189059503376484e-05, "p75": 0.010102406959049404, "p90": 0.011179422168061138, "p95": 0.012926549883559336, "p99": 0.015858755987137565, "p99.9": 0.02247181786410544, "max": 0.024495356949046254}}, "throughput": {"input_tokens_per_sec": 5394.561438461082, "output_tokens_per_sec": 8615.997557319857, "total_tokens_per_sec": 14010.558995780937, "requests_per_sec": 73.16273580128976}, "prompt_len": {"mean": 73.73373042135451, "min": 10.0, "p0.1": 10.0, "p1": 10.0, "p5": 11.0, "p10": 12.0, "p25": 17.0, "median": 37.0, "p75": 118.0, "p90": 204.0, "p95": 232.0, "p99": 252.0, "p99.9": 256.0, "max": 256.0}, "output_len": {"mean": 117.76483564968012, "min": 10.0, "p0.1": 11.0, "p1": 11.0, "p5": 14.0, "p10": 20.0, "p25": 40.0, "median": 110.0, "p75": 190.0, "p90": 231.0, "p95": 244.0, "p99": 255.0, "p99.9": 257.0, "max": 257.0}}, "failures": {"count": 0, "request_latency": null, "prompt_len": null}}