{"load_summary": {"count": 3902, "schedule_delay": {"mean": 15.766035289014999, "min": -0.0011833272874355316, "p0.1": -0.0009118631316232495, "p1": -0.0004338912037201226, "p5": 0.00023258623259607712, "p10": 0.000857292750151828, "p25": 4.4608441153977765, "median": 14.969318892981391, "p75": 26.458853121381253, "p90": 32.14329859092832, "p95": 35.17453382182284, "p99": 37.066083358576286, "p99.9": 37.592746756156735, "max": 37.65411742508877}, "send_duration": 97.63094236899633, "requested_rate": 65.04, "achieved_rate": 39.96683741156962}, "successes": {"count": 3902, "latency": {"request_latency": {"mean": 11.142884482152583, "min": 4.1756854460109025, "p0.1": 4.269748015560035, "p1": 5.331823133238358, "p5": 6.802313191542635, "p10": 8.81019901902182, "p25": 11.009837228499237, "median": 11.764995750505477, "p75": 12.049813604986412, "p90": 12.221392114344052, "p95": 12.358781990126591, "p99": 12.525063274531275, "p99.9": 12.587061111740942, "max": 12.589289906027261}, "normalized_time_per_output_token": {"mean": 0.08903143779445596, "min": 0.0, "p0.1": 0.033038761816858386, "p1": 0.04132515301633276, "p5": 0.05273111001195841, "p10": 0.06839151252557472, "p25": 0.08542575021504512, "median": 0.09124637712397822, "p75": 0.09344805129072736, "p90": 0.09496681536809548, "p95": 0.09593708414641704, "p99": 0.09734558219861694, "p99.9": 0.16311857869047355, "max": 5.680017531500198}, "time_per_output_token": null, "time_to_first_token": null, "inter_token_latency": null}, "throughput": {"input_tokens_per_sec": 4995.693319441827, "output_tokens_per_sec": 4745.212348114167, "total_tokens_per_sec": 9740.905667555993, "requests_per_sec": 36.86544772633265}, "prompt_len": {"mean": 135.51153254741158, "min": 130.0, "p0.1": 130.0, "p1": 131.0, "p5": 132.0, "p10": 132.0, "p25": 134.0, "median": 135.0, "p75": 137.0, "p90": 139.0, "p95": 140.0, "p99": 142.0, "p99.9": 145.09900000000061, "max": 148.0}, "output_len": {"mean": 128.71706817016914, "min": 0.0, "p0.1": 60.25800000000002, "p1": 126.0, "p5": 128.0, "p10": 129.0, "p25": 129.0, "median": 129.0, "p75": 129.0, "p90": 129.0, "p95": 129.0, "p99": 130.0, "p99.9": 130.0, "max": 187.0}}, "failures": {"count": 0, "request_latency": null, "prompt_len": null}}