{"load_summary": {}, "successes": {"count": 71894, "rate": 63.342972, "prompt_len": {"mean": 1693, "rate": 8558.533921}, "output_len": {"mean": 1582, "rate": 8112.155066}, "queue_len": {"mean": 125}, "request_latency": {"mean": 10.314763, "median": 11.362376, "p90": 14.272475, "p99": 14.927248}, "time_to_first_token": {"mean": 4.259507, "median": 5.445457, "p90": 7.089091, "p99": 7.458909}, "time_per_output_token": {"mean": 0.047673, "median": 0.041867, "p90": 0.083466, "p99": 0.251449}, "kv_cache_usage_percentage": {"mean": 0.11277, "median": 0.131427, "p90": 0.182843, "p99": 0.19989}, "num_requests_swapped": {"mean": 0}, "num_preemptions_total": {"mean": 0}, "prefix_cache_hit_percent": {"mean": 50.068920769228654}}, "failures": {}}