{"load_summary": {"count": 33966, "schedule_delay": {"mean": 50.59793413027877, "min": -0.001108490745536983, "p0.1": -0.000703763635829091, "p1": -0.00026996085071004925, "p5": 0.0003479961887933314, "p10": 0.0010043962975032628, "p25": 12.249336430308176, "median": 42.462120731011964, "p75": 80.20747828649473, "p90": 117.68348960456206, "p95": 134.0444435630925, "p99": 156.64664383157506, "p99.9": 161.0494208482222, "max": 161.19791611470282}}, "successes": {"count": 33966, "latency": {"request_latency": {"mean": 10.389525187819173, "min": 1.06052926403936, "p0.1": 1.1808635605394375, "p1": 2.7928027046786155, "p5": 3.5545965079509187, "p10": 7.452949225960765, "p25": 8.75060303157079, "median": 11.544158904987853, "p75": 11.980121602275176, "p90": 12.47805169498315, "p95": 12.75348567252513, "p99": 13.361762596695916, "p99.9": 13.782879648734816, "max": 13.91661531990394}, "normalized_time_per_output_token": {"mean": 0.0808923212446719, "min": 0.0082853848753075, "p0.1": 0.009160777726940302, "p1": 0.02166356392158166, "p5": 0.027745347071913784, "p10": 0.05761852583716183, "p25": 0.06794034470199573, "median": 0.08965287957446064, "p75": 0.09304442877525666, "p90": 0.09692657234745639, "p95": 0.09931758597677236, "p99": 0.10399479427114994, "p99.9": 0.10867982451897028, "max": 0.959437912000188}, "time_per_output_token": {"mean": 0.023646967832200057, "min": 0.003939236050873908, "p0.1": 0.00442992898301948, "p1": 0.010296663214635567, "p5": 0.012578347352005411, "p10": 0.02269720007775982, "p25": 0.02285633181823791, "median": 0.024022465939579192, "p75": 0.02471406075895985, "p90": 0.026569732439936163, "p95": 0.028351544138113877, "p99": 0.028506830073227192, "p99.9": 0.0300080966490619, "max": 0.030148791855904147}, "time_to_first_token": {"mean": 4.310488946376951, "min": 0.029771619010716677, "p0.1": 0.036078611681004985, "p1": 0.05111380651942454, "p5": 0.07314340319135226, "p10": 1.5955134854884818, "p25": 2.499517049000133, "median": 5.45455863699317, "p75": 5.6899830015318, "p90": 5.89500818651868, "p95": 5.965818694035988, "p99": 6.149821060098473, "p99.9": 6.49961447016278, "max": 6.635545103927143}, "inter_token_latency": {"mean": 0.023646967832200057, "min": 2.150074578821659e-06, "p0.1": 3.419932909309864e-06, "p1": 1.0140007361769676e-05, "p5": 1.573993358761072e-05, "p10": 1.8210033886134624e-05, "p25": 2.5919987820088863e-05, "median": 0.00014099001418799162, "p75": 0.03348454972729087, "p90": 0.06108188696671278, "p95": 0.07966397551354001, "p99": 0.19785997468279679, "p99.9": 0.2060281144239708, "max": 0.6853516799164936}}, "throughput": {"input_tokens_per_sec": 4419.072771028943, "output_tokens_per_sec": 4208.750794925436, "total_tokens_per_sec": 8627.823565954379, "requests_per_sec": 32.72392405273238}, "prompt_len": {"mean": 135.04104104104104, "min": 130.0, "p0.1": 131.0, "p1": 131.0, "p5": 132.0, "p10": 132.0, "p25": 133.0, "median": 135.0, "p75": 136.0, "p90": 138.0, "p95": 139.0, "p99": 142.0, "p99.9": 145.0, "max": 159.0}, "output_len": {"mean": 128.61387858446682, "min": 12.0, "p0.1": 120.0, "p1": 124.0, "p5": 126.0, "p10": 127.0, "p25": 128.0, "median": 129.0, "p75": 129.0, "p90": 130.0, "p95": 131.0, "p99": 133.0, "p99.9": 135.0, "max": 140.0}}, "failures": {"count": 0, "request_latency": null, "prompt_len": null}}