{"load_summary": {"count": 81109, "schedule_delay": {"mean": 146.42604873224425, "min": -0.0012203401420265436, "p0.1": -0.00068294299650006, "p1": 2.2657827939838267e-05, "p5": 4.165378870023415, "p10": 14.644363612192683, "p25": 50.75336127326591, "median": 124.31212333246367, "p75": 224.64743844687473, "p90": 316.7912876585382, "p95": 356.06873295237307, "p99": 419.3354364144569, "p99.9": 433.8813256582995, "max": 434.19876354787266}}, "successes": {"count": 81109, "latency": {"request_latency": {"mean": 9.645869348337092, "min": 1.7888537640101276, "p0.1": 4.868150215449743, "p1": 5.729888758116868, "p5": 6.62804322357988, "p10": 6.653044991020579, "p25": 7.162444568006322, "median": 10.648895733989775, "p75": 10.759950785024557, "p90": 10.971278942376374, "p95": 11.283005734020843, "p99": 12.07092970692087, "p99.9": 12.456881981255021, "max": 12.589289906027261}, "normalized_time_per_output_token": {"mean": 0.07806477189375564, "min": 0.0, "p0.1": 0.014134622899140413, "p1": 0.044256953808890526, "p5": 0.0513823196000434, "p10": 0.051617776164460144, "p25": 0.05557611847319821, "median": 0.08258591448101252, "p75": 0.08354006479846227, "p90": 0.08548441869946731, "p95": 0.08765611190704427, "p99": 0.09432363459374755, "p99.9": 1.1777479505337771, "max": 5.680017531500198}, "time_per_output_token": null, "time_to_first_token": null, "inter_token_latency": null}, "throughput": {"input_tokens_per_sec": 5585.929204831297, "output_tokens_per_sec": 5296.421826475106, "total_tokens_per_sec": 10882.351031306403, "requests_per_sec": 41.22025469635968}, "prompt_len": {"mean": 135.51418461576398, "min": 129.0, "p0.1": 130.0, "p1": 131.0, "p5": 132.0, "p10": 132.0, "p25": 134.0, "median": 135.0, "p75": 137.0, "p90": 139.0, "p95": 140.0, "p99": 142.0, "p99.9": 145.0, "max": 149.0}, "output_len": {"mean": 128.490759348531, "min": 0.0, "p0.1": 3.0, "p1": 126.0, "p5": 128.0, "p10": 129.0, "p25": 129.0, "median": 129.0, "p75": 129.0, "p90": 129.0, "p95": 129.0, "p99": 129.0, "p99.9": 130.0, "max": 192.0}}, "failures": {"count": 0, "request_latency": null, "prompt_len": null}}