{"load_summary": {"count": 23901, "schedule_delay": {"mean": 1.0870248590746516, "min": -0.001763229607604444, "p0.1": -0.0011313520604744553, "p1": -0.0008789771236479282, "p5": -0.0005686084041371942, "p10": -0.00037048838566988707, "p25": -1.1698459275066853e-05, "median": 0.0004546447889879346, "p75": 0.0012935625854879618, "p90": 5.580826455261558, "p95": 7.995494055328891, "p99": 10.009571095346473, "p99.9": 10.538253952492962, "max": 10.645406518829986}}, "successes": {"count": 23901, "latency": {"request_latency": {"mean": 2.4286229945422275, "min": 0.09161918004974723, "p0.1": 0.10326946842251346, "p1": 0.12647250900045037, "p5": 0.20059406093787402, "p10": 0.3106477869441733, "p25": 0.8926957289222628, "median": 2.057067628018558, "p75": 3.777356017031707, "p90": 5.150122832972556, "p95": 5.7533061689464375, "p99": 6.3872760030208156, "p99.9": 6.647181088035002, "max": 6.842334556975402}, "normalized_time_per_output_token": {"mean": 0.03342018525999549, "min": 0.00709905565205601, "p0.1": 0.007256060794880467, "p1": 0.007800338852505844, "p5": 0.008273516411160623, "p10": 0.008616032242872726, "p25": 0.009807083939173908, "median": 0.01243011300955134, "p75": 0.03141124048372628, "p90": 0.08248578800121323, "p95": 0.14044170249969914, "p99": 0.2619934200691724, "p99.9": 0.3288312282878911, "max": 0.34873275336047466}, "time_per_output_token": {"mean": 0.005267028705140132, "min": 0.003096320170342274, "p0.1": 0.0033172713555037403, "p1": 0.0035974642094008104, "p5": 0.0038619477336140217, "p10": 0.004078074639376001, "p25": 0.004623372431819302, "median": 0.005434135159809894, "p75": 0.005958636867826883, "p90": 0.006098350348032039, "p95": 0.006165895581882123, "p99": 0.006347788356082595, "p99.9": 0.0070063130786521405, "max": 0.011680820360779762}, "time_to_first_token": {"mean": 1.178841796827066, "min": 0.019521052949130535, "p0.1": 0.021969567239284515, "p1": 0.024273592978715897, "p5": 0.026964489021338522, "p10": 0.028672275017015636, "p25": 0.032471637008711696, "median": 0.047698625014163554, "p75": 2.6765239050146192, "p90": 3.431666200980544, "p95": 3.5084308580262586, "p99": 3.7004810919752344, "p99.9": 3.815749345428776, "max": 3.853352915029973}, "inter_token_latency": {"mean": 0.0053492493180578035, "min": 1.693028025329113e-06, "p0.1": 3.051944077014923e-06, "p1": 7.68899917602539e-06, "p5": 1.0001007467508316e-05, "p10": 1.1233030818402767e-05, "p25": 1.5176949091255665e-05, "median": 4.510500002652407e-05, "p75": 0.010502383520361036, "p90": 0.011935485992580652, "p95": 0.014028225967194885, "p99": 0.017080196004826576, "p99.9": 0.023896115482785894, "max": 0.1696811110014096}}, "throughput": {"input_tokens_per_sec": 3252.8732730745924, "output_tokens_per_sec": 5115.093847254542, "total_tokens_per_sec": 8367.967120329135, "requests_per_sec": 43.614658975834466}, "prompt_len": {"mean": 74.5821095351659, "min": 10.0, "p0.1": 10.0, "p1": 10.0, "p5": 11.0, "p10": 12.0, "p25": 17.0, "median": 38.0, "p75": 119.0, "p90": 206.0, "p95": 231.0, "p99": 252.0, "p99.9": 256.0, "max": 256.0}, "output_len": {"mean": 117.27923517844442, "min": 10.0, "p0.1": 11.0, "p1": 11.0, "p5": 14.0, "p10": 19.0, "p25": 39.0, "median": 109.0, "p75": 189.0, "p90": 232.0, "p95": 244.0, "p99": 255.0, "p99.9": 257.0, "max": 258.0}}, "failures": {"count": 0, "request_latency": null, "prompt_len": null}}