{
  "benchmark_time_seconds": 8.202675282023847,
  "load_summary": {
    "count": 10,
    "schedule_delay": {
      "mean": 0.27537299385294317,
      "min": 0.0005296790041029453,
      "max": 1.2922129579819739,
      "p0.1": 0.0005297102853655815,
      "p1": 0.0005299918167293072,
      "p5": 0.0005312430672347546,
      "p10": 0.0005328071303665638,
      "p25": 0.0007185215363278985,
      "median": 0.000893185380846262,
      "p75": 0.1327460454776883,
      "p90": 1.2805416468996556,
      "p95": 1.2863773024408147,
      "p99": 1.2910458268737421,
      "p99.9": 1.2920962448711508
    },
    "send_duration": 8.199297467246652,
    "requested_rate": 1.0,
    "achieved_rate": 1.219616685447324
  },
  "successes": {
    "count": 3,
    "latency": {
      "request_latency": {
        "mean": 1.8458003398651879,
        "min": 0.5440622288733721,
        "max": 3.189141795039177,
        "p0.1": 0.5465824984069914,
        "p1": 0.5692649242095649,
        "p5": 0.6700757055543363,
        "p10": 0.7960891822353006,
        "p25": 1.1741296122781932,
        "median": 1.8041969956830144,
        "p75": 2.4966693953610957,
        "p90": 2.9121528351679444,
        "p95": 3.0506473151035607,
        "p99": 3.161442899052054,
        "p99.9": 3.186371905440465
      },
      "normalized_time_per_output_token": {
        "mean": 0.0,
        "min": 0.0,
        "max": 0.0,
        "p0.1": 0.0,
        "p1": 0.0,
        "p5": 0.0,
        "p10": 0.0,
        "p25": 0.0,
        "median": 0.0,
        "p75": 0.0,
        "p90": 0.0,
        "p95": 0.0,
        "p99": 0.0,
        "p99.9": 0.0
      },
      "time_per_output_token": null,
      "time_to_first_token": null,
      "inter_token_latency": null
    },
    "throughput": {
      "input_tokens_per_sec": 12.313055988128822,
      "output_tokens_per_sec": 0.0,
      "total_tokens_per_sec": 12.313055988128822,
      "requests_per_sec": 0.3657343362810541,
      "images_per_sec": 0.0,
      "videos_per_sec": 0.3657343362810541,
      "audios_per_sec": 0.0
    },
    "request_size_bytes": {
      "mean": 18751.0,
      "min": 18531.0,
      "max": 18906.0,
      "p0.1": 18531.57,
      "p1": 18536.7,
      "p5": 18559.5,
      "p10": 18588.0,
      "p25": 18673.5,
      "median": 18816.0,
      "p75": 18861.0,
      "p90": 18888.0,
      "p95": 18897.0,
      "p99": 18904.2,
      "p99.9": 18905.82
    },
    "prompt_len": {
      "mean": 33.666666666666664,
      "min": 32.0,
      "max": 35.0,
      "p0.1": 32.004,
      "p1": 32.04,
      "p5": 32.2,
      "p10": 32.4,
      "p25": 33.0,
      "median": 34.0,
      "p75": 34.5,
      "p90": 34.8,
      "p95": 34.9,
      "p99": 34.98,
      "p99.9": 34.998
    },
    "image": {
      "count": {
        "mean": 0.0,
        "min": 0.0,
        "max": 0.0,
        "p0.1": 0.0,
        "p1": 0.0,
        "p5": 0.0,
        "p10": 0.0,
        "p25": 0.0,
        "median": 0.0,
        "p75": 0.0,
        "p90": 0.0,
        "p95": 0.0,
        "p99": 0.0,
        "p99.9": 0.0
      },
      "pixels": null,
      "bytes": null,
      "aspect_ratio": null
    },
    "video": {
      "count": {
        "mean": 1.0,
        "min": 1.0,
        "max": 1.0,
        "p0.1": 1.0,
        "p1": 1.0,
        "p5": 1.0,
        "p10": 1.0,
        "p25": 1.0,
        "median": 1.0,
        "p75": 1.0,
        "p90": 1.0,
        "p95": 1.0,
        "p99": 1.0,
        "p99.9": 1.0
      },
      "frames": {
        "mean": 32.0,
        "min": 32.0,
        "max": 32.0,
        "p0.1": 32.0,
        "p1": 32.0,
        "p5": 32.0,
        "p10": 32.0,
        "p25": 32.0,
        "median": 32.0,
        "p75": 32.0,
        "p90": 32.0,
        "p95": 32.0,
        "p99": 32.0,
        "p99.9": 32.0
      },
      "pixels": {
        "mean": 921600.0,
        "min": 921600.0,
        "max": 921600.0,
        "p0.1": 921600.0,
        "p1": 921600.0,
        "p5": 921600.0,
        "p10": 921600.0,
        "p25": 921600.0,
        "median": 921600.0,
        "p75": 921600.0,
        "p90": 921600.0,
        "p95": 921600.0,
        "p99": 921600.0,
        "p99.9": 921600.0
      },
      "bytes": {
        "mean": 13643.0,
        "min": 13483.0,
        "max": 13723.0,
        "p0.1": 13483.48,
        "p1": 13487.8,
        "p5": 13507.0,
        "p10": 13531.0,
        "p25": 13603.0,
        "median": 13723.0,
        "p75": 13723.0,
        "p90": 13723.0,
        "p95": 13723.0,
        "p99": 13723.0,
        "p99.9": 13723.0
      },
      "aspect_ratio": {
        "mean": 1.7777777777777777,
        "min": 1.7777777777777777,
        "max": 1.7777777777777777,
        "p0.1": 1.7777777777777777,
        "p1": 1.7777777777777777,
        "p5": 1.7777777777777777,
        "p10": 1.7777777777777777,
        "p25": 1.7777777777777777,
        "median": 1.7777777777777777,
        "p75": 1.7777777777777777,
        "p90": 1.7777777777777777,
        "p95": 1.7777777777777777,
        "p99": 1.7777777777777777,
        "p99.9": 1.7777777777777777
      }
    },
    "audio": {
      "count": {
        "mean": 0.0,
        "min": 0.0,
        "max": 0.0,
        "p0.1": 0.0,
        "p1": 0.0,
        "p5": 0.0,
        "p10": 0.0,
        "p25": 0.0,
        "median": 0.0,
        "p75": 0.0,
        "p90": 0.0,
        "p95": 0.0,
        "p99": 0.0,
        "p99.9": 0.0
      },
      "seconds": null,
      "bytes": null
    },
    "output_len": {
      "mean": 0.0,
      "min": 0.0,
      "max": 0.0,
      "p0.1": 0.0,
      "p1": 0.0,
      "p5": 0.0,
      "p10": 0.0,
      "p25": 0.0,
      "median": 0.0,
      "p75": 0.0,
      "p90": 0.0,
      "p95": 0.0,
      "p99": 0.0,
      "p99.9": 0.0
    },
    "token_count_mismatches": 0
  },
  "failures": {
    "count": 7,
    "request_latency": {
      "mean": 0.004765258968940803,
      "min": 0.003168553113937378,
      "max": 0.008123683277517557,
      "p0.1": 0.0031698086839169262,
      "p1": 0.0031811088137328625,
      "p5": 0.0032313316129148006,
      "p10": 0.003294110111892223,
      "p25": 0.0034773852676153183,
      "median": 0.0036559677682816982,
      "p75": 0.0057269190438091755,
      "p90": 0.007881158217787742,
      "p95": 0.00800242074765265,
      "p99": 0.008099430771544576,
      "p99.9": 0.008121258026920259
    },
    "prompt_len": {
      "mean": 0.0,
      "min": 0.0,
      "max": 0.0,
      "p0.1": 0.0,
      "p1": 0.0,
      "p5": 0.0,
      "p10": 0.0,
      "p25": 0.0,
      "median": 0.0,
      "p75": 0.0,
      "p90": 0.0,
      "p95": 0.0,
      "p99": 0.0,
      "p99.9": 0.0
    }
  }
